,Date,S1,S2,S3,S4,S5,S6,S7,S8,S9,S10,year
0,2017-01-01,76.0,79.0,57.0,50.0,30.0,77.0,62.0,20.0,40.0,42.0,2017
1,2017-01-02,64.0,91.0,42.0,59.0,46.0,64.0,61.0,25.0,35.0,51.0,2017
2,2017-01-03,53.0,66.0,60.0,70.0,82.0,28.0,60.0,34.0,49.0,69.0,2017
3,2017-01-04,65.0,72.0,43.0,53.0,39.0,75.0,67.0,35.0,43.0,49.0,2017
4,2017-01-05,58.0,69.0,43.0,71.0,42.0,64.0,52.0,28.0,29.0,43.0,2017
5,2017-01-06,55.0,74.0,66.0,72.0,73.0,44.0,47.0,46.0,65.0,56.0,2017
6,2017-01-07,59.0,71.0,49.0,51.0,49.0,79.0,53.0,43.0,37.0,44.0,2017
7,2017-01-08,53.0,61.0,72.0,82.0,77.0,29.0,31.0,47.0,42.0,73.0,2017
8,2017-01-09,46.0,66.0,67.0,86.0,80.0,33.0,30.0,41.0,67.0,72.0,2017
9,2017-01-10,63.0,58.0,54.0,79.0,76.0,48.0,41.0,41.0,64.0,69.0,2017
10,2017-01-11,49.0,75.0,59.0,49.0,31.0,75.0,58.0,24.0,42.0,38.0,2017
11,2017-01-12,58.0,85.0,56.0,56.0,41.0,61.0,76.0,35.0,48.0,51.0,2017
12,2017-01-13,65.0,83.0,45.0,46.0,44.0,73.0,53.0,43.0,60.0,47.0,2017
13,2017-01-14,66.0,93.0,47.0,55.0,39.0,69.0,62.0,26.0,34.0,43.0,2017
14,2017-01-15,51.0,90.0,53.0,46.0,47.0,68.0,69.0,25.0,57.0,55.0,2017
15,2017-01-16,65.0,86.0,39.0,53.0,47.0,67.0,59.0,23.0,39.0,55.0,2017
16,2017-01-17,68.0,70.0,52.0,48.0,49.0,92.0,57.0,34.0,42.0,41.0,2017
17,2017-01-18,63.0,84.0,50.0,61.0,41.0,73.0,72.0,43.0,52.0,54.0,2017
18,2017-01-19,82.0,67.0,43.0,54.0,38.0,65.0,61.0,37.0,43.0,49.0,2017
19,2017-01-20,65.0,76.0,60.0,52.0,44.0,66.0,59.0,33.0,46.0,39.0,2017
20,2017-01-21,64.0,77.0,51.0,52.0,42.0,67.0,54.0,26.0,40.0,32.0,2017
21,2017-01-22,44.0,68.0,51.0,52.0,51.0,85.0,60.0,24.0,48.0,53.0,2017
22,2017-01-23,62.0,73.0,48.0,48.0,42.0,76.0,58.0,17.0,47.0,55.0,2017
23,2017-01-24,61.0,71.0,55.0,54.0,40.0,65.0,51.0,31.0,43.0,43.0,2017
24,2017-01-25,52.0,74.0,76.0,71.0,63.0,42.0,44.0,33.0,63.0,65.0,2017
25,2017-01-26,73.0,85.0,45.0,58.0,40.0,80.0,49.0,32.0,38.0,50.0,2017
26,2017-01-27,67.0,90.0,48.0,41.0,41.0,76.0,60.0,33.0,45.0,36.0,2017
27,2017-01-28,64.0,76.0,49.0,56.0,39.0,74.0,63.0,31.0,47.0,44.0,2017
28,2017-01-29,57.0,62.0,59.0,68.0,41.0,77.0,67.0,43.0,48.0,47.0,2017
29,2017-01-30,50.0,77.0,38.0,57.0,51.0,65.0,54.0,35.0,48.0,48.0,2017
30,2017-01-31,42.0,78.0,50.0,42.0,52.0,73.0,60.0,20.0,47.0,49.0,2017
31,2017-02-01,55.0,74.0,26.0,54.0,43.0,78.0,59.0,35.0,44.0,48.0,2017
32,2017-02-02,72.0,75.0,57.0,65.0,50.0,64.0,54.0,30.0,37.0,54.0,2017
33,2017-02-03,56.0,74.0,56.0,41.0,38.0,66.0,55.0,39.0,50.0,48.0,2017
34,2017-02-04,57.0,76.0,50.0,59.0,33.0,80.0,63.0,26.0,46.0,50.0,2017
35,2017-02-05,59.0,74.0,47.0,56.0,48.0,61.0,63.0,31.0,50.0,45.0,2017
36,2017-02-06,70.0,80.0,59.0,40.0,44.0,59.0,50.0,29.0,35.0,45.0,2017
37,2017-02-07,63.0,81.0,48.0,61.0,38.0,70.0,53.0,23.0,54.0,57.0,2017
38,2017-02-08,62.0,83.0,53.0,54.0,51.0,76.0,60.0,31.0,48.0,38.0,2017
39,2017-02-09,66.0,80.0,44.0,39.0,38.0,67.0,51.0,32.0,40.0,56.0,2017
40,2017-02-10,61.0,77.0,32.0,45.0,55.0,61.0,60.0,36.0,42.0,57.0,2017
41,2017-02-11,66.0,82.0,45.0,50.0,42.0,75.0,60.0,45.0,57.0,34.0,2017
42,2017-02-12,59.0,80.0,59.0,48.0,44.0,70.0,81.0,31.0,45.0,44.0,2017
43,2017-02-13,58.0,69.0,51.0,53.0,43.0,65.0,58.0,45.0,49.0,44.0,2017
44,2017-02-14,77.0,67.0,51.0,51.0,49.0,85.0,64.0,34.0,34.0,50.0,2017
45,2017-02-15,54.0,71.0,54.0,45.0,40.0,72.0,55.0,28.0,40.0,47.0,2017
46,2017-02-16,57.0,74.0,71.0,84.0,80.0,65.0,50.0,32.0,72.0,64.0,2017
47,2017-02-17,63.0,73.0,47.0,56.0,56.0,62.0,62.0,20.0,46.0,54.0,2017
48,2017-02-18,61.0,82.0,60.0,62.0,59.0,71.0,64.0,23.0,33.0,58.0,2017
49,2017-02-19,56.0,78.0,50.0,52.0,58.0,71.0,57.0,26.0,47.0,52.0,2017
50,2017-02-20,59.0,69.0,48.0,52.0,50.0,66.0,52.0,27.0,40.0,45.0,2017
51,2017-02-21,57.0,78.0,69.0,80.0,75.0,44.0,39.0,33.0,68.0,66.0,2017
52,2017-02-22,60.0,76.0,48.0,51.0,40.0,78.0,66.0,24.0,60.0,45.0,2017
53,2017-02-23,55.0,72.0,62.0,57.0,53.0,75.0,61.0,28.0,38.0,52.0,2017
54,2017-02-24,62.0,74.0,50.0,65.0,43.0,91.0,63.0,40.0,39.0,53.0,2017
55,2017-02-25,63.0,71.0,45.0,48.0,45.0,76.0,60.0,35.0,34.0,49.0,2017
56,2017-02-26,67.0,82.0,49.0,60.0,40.0,65.0,54.0,36.0,48.0,45.0,2017
57,2017-02-27,64.0,75.0,47.0,54.0,48.0,75.0,53.0,38.0,54.0,41.0,2017
58,2017-02-28,64.0,75.0,48.0,52.0,43.0,68.0,60.0,29.0,50.0,51.0,2017
59,2017-03-01,62.0,81.0,45.0,51.0,44.0,87.0,60.0,35.0,42.0,49.0,2017
60,2017-03-02,54.0,72.0,50.0,52.0,44.0,61.0,58.0,32.0,31.0,48.0,2017
61,2017-03-03,73.0,75.0,49.0,61.0,52.0,79.0,65.0,34.0,51.0,49.0,2017
62,2017-03-04,63.0,82.0,46.0,43.0,38.0,87.0,60.0,33.0,46.0,42.0,2017
63,2017-03-05,72.0,76.0,63.0,55.0,45.0,64.0,60.0,28.0,46.0,36.0,2017
64,2017-03-06,59.0,58.0,73.0,65.0,80.0,47.0,35.0,37.0,49.0,70.0,2017
65,2017-03-07,63.0,70.0,43.0,47.0,40.0,67.0,66.0,28.0,35.0,37.0,2017
66,2017-03-08,51.0,79.0,74.0,79.0,83.0,49.0,36.0,39.0,57.0,54.0,2017
67,2017-03-09,77.0,62.0,49.0,51.0,46.0,63.0,60.0,30.0,45.0,38.0,2017
68,2017-03-10,66.0,73.0,66.0,87.0,65.0,51.0,45.0,31.0,64.0,68.0,2017
69,2017-03-11,70.0,79.0,38.0,54.0,41.0,84.0,61.0,39.0,47.0,57.0,2017
70,2017-03-12,73.0,81.0,43.0,55.0,45.0,68.0,71.0,21.0,33.0,56.0,2017
71,2017-03-13,58.0,78.0,56.0,59.0,52.0,76.0,65.0,36.0,45.0,46.0,2017
72,2017-03-14,68.0,91.0,46.0,58.0,53.0,63.0,63.0,33.0,37.0,35.0,2017
73,2017-03-15,46.0,68.0,73.0,74.0,84.0,44.0,38.0,38.0,72.0,69.0,2017
74,2017-03-16,51.0,60.0,91.0,65.0,86.0,43.0,36.0,35.0,78.0,61.0,2017
75,2017-03-17,73.0,81.0,56.0,51.0,41.0,65.0,51.0,33.0,48.0,49.0,2017
76,2017-03-18,62.0,88.0,48.0,53.0,44.0,65.0,66.0,29.0,42.0,42.0,2017
77,2017-03-19,56.0,64.0,54.0,56.0,44.0,70.0,46.0,37.0,28.0,50.0,2017
78,2017-03-20,48.0,74.0,72.0,66.0,77.0,36.0,42.0,40.0,71.0,67.0,2017
79,2017-03-21,73.0,86.0,36.0,58.0,47.0,83.0,84.0,37.0,54.0,41.0,2017
80,2017-03-22,70.0,74.0,77.0,58.0,66.0,37.0,22.0,40.0,57.0,72.0,2017
81,2017-03-23,63.0,71.0,63.0,78.0,69.0,58.0,35.0,40.0,59.0,60.0,2017
82,2017-03-24,61.0,94.0,55.0,54.0,52.0,63.0,65.0,36.0,41.0,51.0,2017
83,2017-03-25,60.0,65.0,39.0,53.0,58.0,63.0,83.0,31.0,43.0,38.0,2017
84,2017-03-26,69.0,90.0,38.0,49.0,46.0,70.0,62.0,27.0,47.0,45.0,2017
85,2017-03-27,55.0,81.0,62.0,76.0,64.0,57.0,48.0,32.0,73.0,63.0,2017
86,2017-03-28,67.0,79.0,39.0,53.0,36.0,74.0,51.0,31.0,48.0,46.0,2017
87,2017-03-29,75.0,86.0,38.0,52.0,43.0,66.0,55.0,40.0,43.0,41.0,2017
88,2017-03-30,69.0,77.0,31.0,43.0,39.0,53.0,42.0,24.0,38.0,55.0,2017
89,2017-03-31,62.0,71.0,57.0,52.0,45.0,77.0,59.0,30.0,51.0,54.0,2017
90,2017-04-01,70.0,68.0,55.0,52.0,46.0,75.0,58.0,32.0,61.0,52.0,2017
91,2017-04-02,65.0,76.0,51.0,55.0,47.0,74.0,63.0,29.0,38.0,52.0,2017
92,2017-04-03,56.0,69.0,62.0,45.0,52.0,72.0,67.0,33.0,39.0,47.0,2017
93,2017-04-04,68.0,79.0,49.0,61.0,51.0,65.0,66.0,32.0,58.0,58.0,2017
94,2017-04-05,52.0,73.0,50.0,47.0,44.0,62.0,55.0,27.0,45.0,40.0,2017
95,2017-04-06,67.0,79.0,49.0,51.0,41.0,76.0,58.0,25.0,38.0,39.0,2017
96,2017-04-07,70.0,63.0,43.0,51.0,45.0,71.0,54.0,33.0,64.0,29.0,2017
97,2017-04-08,59.0,86.0,41.0,51.0,41.0,72.0,60.0,43.0,49.0,42.0,2017
98,2017-04-09,61.0,65.0,51.0,40.0,30.0,75.0,60.0,27.0,42.0,46.0,2017
99,2017-04-10,66.0,85.0,54.0,56.0,46.0,68.0,50.0,25.0,38.0,46.0,2017
100,2017-04-11,55.0,74.0,43.0,46.0,39.0,73.0,54.0,37.0,45.0,47.0,2017
101,2017-04-12,75.0,80.0,47.0,52.0,28.0,65.0,58.0,33.0,29.0,47.0,2017
102,2017-04-13,65.0,72.0,39.0,61.0,28.0,63.0,60.0,35.0,48.0,53.0,2017
103,2017-04-14,60.0,77.0,48.0,43.0,45.0,73.0,77.0,21.0,46.0,36.0,2017
104,2017-04-15,66.0,96.0,46.0,57.0,43.0,72.0,53.0,27.0,57.0,56.0,2017
105,2017-04-16,67.0,92.0,53.0,60.0,51.0,68.0,54.0,30.0,44.0,47.0,2017
106,2017-04-17,57.0,78.0,48.0,50.0,24.0,66.0,73.0,43.0,36.0,44.0,2017
107,2017-04-18,74.0,74.0,48.0,46.0,47.0,69.0,61.0,26.0,37.0,38.0,2017
108,2017-04-19,59.0,88.0,56.0,53.0,44.0,80.0,75.0,30.0,52.0,56.0,2017
109,2017-04-20,69.0,64.0,44.0,57.0,37.0,68.0,65.0,27.0,38.0,55.0,2017
110,2017-04-21,70.0,71.0,44.0,59.0,33.0,77.0,62.0,19.0,63.0,48.0,2017
111,2017-04-22,62.0,70.0,45.0,65.0,52.0,69.0,63.0,19.0,53.0,53.0,2017
112,2017-04-23,68.0,79.0,53.0,50.0,43.0,76.0,53.0,31.0,53.0,55.0,2017
113,2017-04-24,72.0,82.0,37.0,48.0,59.0,60.0,53.0,31.0,43.0,44.0,2017
114,2017-04-25,57.0,76.0,41.0,46.0,47.0,79.0,47.0,19.0,39.0,38.0,2017
115,2017-04-26,68.0,84.0,46.0,46.0,32.0,77.0,62.0,22.0,47.0,56.0,2017
116,2017-04-27,67.0,72.0,40.0,66.0,39.0,80.0,62.0,24.0,33.0,55.0,2017
117,2017-04-28,53.0,68.0,50.0,51.0,49.0,83.0,62.0,34.0,48.0,46.0,2017
118,2017-04-29,53.0,74.0,39.0,49.0,47.0,66.0,71.0,29.0,43.0,44.0,2017
119,2017-04-30,58.0,83.0,49.0,52.0,35.0,72.0,80.0,33.0,36.0,36.0,2017
120,2017-05-01,66.0,70.0,51.0,57.0,48.0,62.0,61.0,29.0,49.0,57.0,2017
121,2017-05-02,66.0,87.0,56.0,49.0,44.0,77.0,55.0,38.0,47.0,32.0,2017
122,2017-05-03,55.0,75.0,48.0,66.0,44.0,70.0,60.0,32.0,35.0,51.0,2017
123,2017-05-04,61.0,86.0,56.0,59.0,39.0,71.0,53.0,34.0,39.0,58.0,2017
124,2017-05-05,60.0,65.0,41.0,46.0,44.0,69.0,51.0,37.0,53.0,46.0,2017
125,2017-05-06,57.0,80.0,52.0,52.0,48.0,58.0,61.0,28.0,47.0,52.0,2017
126,2017-05-07,64.0,76.0,75.0,66.0,74.0,43.0,42.0,38.0,47.0,62.0,2017
127,2017-05-08,62.0,64.0,57.0,46.0,58.0,66.0,66.0,47.0,33.0,35.0,2017
128,2017-05-09,69.0,70.0,45.0,48.0,35.0,61.0,54.0,24.0,39.0,46.0,2017
129,2017-05-10,67.0,75.0,48.0,47.0,50.0,66.0,66.0,27.0,44.0,52.0,2017
130,2017-05-11,66.0,77.0,54.0,60.0,42.0,84.0,65.0,23.0,55.0,52.0,2017
131,2017-05-12,60.0,89.0,47.0,49.0,30.0,79.0,55.0,24.0,39.0,39.0,2017
132,2017-05-13,54.0,70.0,53.0,50.0,46.0,74.0,62.0,36.0,43.0,54.0,2017
133,2017-05-14,50.0,82.0,38.0,53.0,51.0,69.0,69.0,36.0,38.0,49.0,2017
134,2017-05-15,64.0,78.0,54.0,77.0,78.0,62.0,45.0,55.0,51.0,67.0,2017
135,2017-05-16,66.0,73.0,54.0,53.0,42.0,88.0,61.0,36.0,39.0,45.0,2017
136,2017-05-17,67.0,87.0,50.0,42.0,48.0,63.0,70.0,31.0,42.0,50.0,2017
137,2017-05-18,75.0,82.0,52.0,51.0,37.0,74.0,52.0,29.0,51.0,50.0,2017
138,2017-05-19,73.0,77.0,35.0,53.0,37.0,71.0,73.0,24.0,45.0,52.0,2017
139,2017-05-20,53.0,81.0,47.0,55.0,51.0,80.0,60.0,23.0,42.0,52.0,2017
140,2017-05-21,69.0,81.0,38.0,50.0,46.0,70.0,60.0,24.0,45.0,39.0,2017
141,2017-05-22,59.0,77.0,42.0,40.0,26.0,80.0,65.0,27.0,48.0,38.0,2017
142,2017-05-23,53.0,78.0,46.0,58.0,36.0,71.0,56.0,29.0,32.0,33.0,2017
143,2017-05-24,54.0,69.0,66.0,77.0,71.0,43.0,36.0,33.0,63.0,75.0,2017
144,2017-05-25,67.0,76.0,58.0,58.0,40.0,71.0,62.0,42.0,45.0,55.0,2017
145,2017-05-26,60.0,68.0,52.0,57.0,41.0,83.0,60.0,34.0,28.0,51.0,2017
146,2017-05-27,75.0,70.0,62.0,47.0,42.0,68.0,65.0,23.0,38.0,50.0,2017
147,2017-05-28,60.0,67.0,47.0,45.0,42.0,89.0,63.0,17.0,44.0,51.0,2017
148,2017-05-29,56.0,67.0,83.0,81.0,70.0,37.0,39.0,41.0,78.0,68.0,2017
149,2017-05-30,69.0,72.0,44.0,56.0,39.0,67.0,56.0,25.0,44.0,58.0,2017
150,2017-05-31,75.0,73.0,42.0,53.0,34.0,73.0,56.0,25.0,51.0,39.0,2017
151,2017-06-01,59.0,75.0,57.0,50.0,43.0,69.0,57.0,30.0,36.0,57.0,2017
152,2017-06-02,54.0,79.0,74.0,85.0,65.0,47.0,52.0,51.0,66.0,73.0,2017
153,2017-06-03,40.0,76.0,68.0,89.0,77.0,52.0,33.0,31.0,65.0,78.0,2017
154,2017-06-04,72.0,80.0,61.0,45.0,53.0,64.0,76.0,38.0,50.0,28.0,2017
155,2017-06-05,63.0,85.0,44.0,40.0,33.0,68.0,60.0,28.0,43.0,40.0,2017
156,2017-06-06,52.0,69.0,75.0,80.0,68.0,44.0,37.0,31.0,83.0,78.0,2017
157,2017-06-07,52.0,64.0,57.0,57.0,56.0,69.0,60.0,39.0,37.0,54.0,2017
158,2017-06-08,59.0,76.0,47.0,49.0,33.0,74.0,59.0,34.0,43.0,43.0,2017
159,2017-06-09,72.0,96.0,68.0,34.0,45.0,58.0,55.0,45.0,45.0,49.0,2017
160,2017-06-10,67.0,83.0,43.0,54.0,54.0,75.0,53.0,37.0,48.0,45.0,2017
161,2017-06-11,72.0,83.0,45.0,52.0,39.0,88.0,67.0,30.0,43.0,50.0,2017
162,2017-06-12,64.0,56.0,45.0,40.0,43.0,63.0,67.0,34.0,45.0,38.0,2017
163,2017-06-13,63.0,76.0,42.0,52.0,35.0,59.0,60.0,46.0,30.0,49.0,2017
164,2017-06-14,57.0,70.0,56.0,58.0,41.0,68.0,57.0,37.0,50.0,32.0,2017
165,2017-06-15,54.0,71.0,54.0,52.0,50.0,68.0,57.0,29.0,41.0,45.0,2017
166,2017-06-16,60.0,84.0,53.0,51.0,47.0,72.0,62.0,33.0,52.0,44.0,2017
167,2017-06-17,73.0,71.0,50.0,58.0,40.0,73.0,57.0,39.0,56.0,43.0,2017
168,2017-06-18,57.0,71.0,70.0,82.0,74.0,51.0,48.0,40.0,47.0,68.0,2017
169,2017-06-19,54.0,87.0,66.0,72.0,67.0,43.0,32.0,36.0,61.0,74.0,2017
170,2017-06-20,61.0,73.0,59.0,51.0,41.0,67.0,64.0,22.0,41.0,44.0,2017
171,2017-06-21,59.0,76.0,41.0,50.0,44.0,72.0,56.0,36.0,48.0,48.0,2017
172,2017-06-22,53.0,78.0,66.0,83.0,76.0,42.0,38.0,41.0,64.0,70.0,2017
173,2017-06-23,49.0,66.0,72.0,69.0,83.0,41.0,35.0,31.0,63.0,62.0,2017
174,2017-06-24,61.0,77.0,50.0,53.0,56.0,67.0,63.0,26.0,43.0,62.0,2017
175,2017-06-25,48.0,71.0,57.0,50.0,39.0,60.0,65.0,28.0,46.0,46.0,2017
176,2017-06-26,48.0,67.0,66.0,77.0,71.0,46.0,18.0,32.0,63.0,59.0,2017
177,2017-06-27,69.0,73.0,42.0,53.0,41.0,83.0,55.0,32.0,46.0,48.0,2017
178,2017-06-28,58.0,81.0,70.0,72.0,66.0,54.0,34.0,37.0,56.0,68.0,2017
179,2017-06-29,49.0,63.0,68.0,58.0,41.0,66.0,70.0,37.0,43.0,38.0,2017
180,2017-06-30,63.0,79.0,43.0,52.0,37.0,71.0,60.0,41.0,47.0,31.0,2017
181,2017-07-01,54.0,56.0,48.0,48.0,55.0,75.0,59.0,42.0,38.0,45.0,2017
182,2017-07-02,63.0,60.0,59.0,69.0,49.0,71.0,59.0,33.0,49.0,56.0,2017
183,2017-07-03,74.0,78.0,55.0,51.0,42.0,69.0,64.0,35.0,40.0,60.0,2017
184,2017-07-04,67.0,73.0,35.0,55.0,50.0,80.0,55.0,30.0,55.0,49.0,2017
185,2017-07-05,66.0,72.0,57.0,50.0,42.0,67.0,48.0,35.0,51.0,59.0,2017
186,2017-07-06,69.0,82.0,64.0,64.0,30.0,60.0,50.0,33.0,48.0,59.0,2017
187,2017-07-07,57.0,77.0,72.0,79.0,82.0,44.0,38.0,43.0,66.0,60.0,2017
188,2017-07-08,54.0,82.0,45.0,48.0,35.0,66.0,60.0,37.0,34.0,39.0,2017
189,2017-07-09,62.0,81.0,51.0,63.0,49.0,61.0,61.0,40.0,45.0,49.0,2017
190,2017-07-10,51.0,71.0,58.0,80.0,75.0,39.0,45.0,38.0,74.0,60.0,2017
191,2017-07-11,66.0,84.0,46.0,44.0,45.0,71.0,58.0,40.0,42.0,46.0,2017
192,2017-07-12,52.0,67.0,67.0,75.0,75.0,42.0,42.0,41.0,66.0,70.0,2017
193,2017-07-13,57.0,64.0,52.0,54.0,47.0,71.0,62.0,31.0,53.0,42.0,2017
194,2017-07-14,57.0,86.0,32.0,58.0,45.0,62.0,58.0,37.0,52.0,46.0,2017
195,2017-07-15,64.0,65.0,81.0,77.0,80.0,58.0,35.0,36.0,53.0,72.0,2017
196,2017-07-16,71.0,76.0,56.0,50.0,37.0,85.0,61.0,42.0,39.0,50.0,2017
197,2017-07-17,50.0,65.0,40.0,52.0,43.0,71.0,57.0,47.0,46.0,38.0,2017
198,2017-07-18,64.0,74.0,62.0,48.0,38.0,74.0,66.0,42.0,54.0,44.0,2017
199,2017-07-19,61.0,74.0,45.0,49.0,42.0,82.0,61.0,26.0,41.0,54.0,2017
200,2017-07-20,67.0,77.0,50.0,54.0,44.0,73.0,63.0,20.0,50.0,54.0,2017
201,2017-07-21,61.0,87.0,46.0,44.0,31.0,68.0,68.0,33.0,47.0,60.0,2017
202,2017-07-22,63.0,80.0,54.0,79.0,72.0,61.0,46.0,32.0,45.0,76.0,2017
203,2017-07-23,66.0,85.0,48.0,59.0,46.0,79.0,57.0,23.0,37.0,45.0,2017
204,2017-07-24,65.0,63.0,68.0,75.0,66.0,41.0,48.0,36.0,56.0,66.0,2017
205,2017-07-25,65.0,80.0,35.0,58.0,56.0,73.0,51.0,33.0,40.0,55.0,2017
206,2017-07-26,66.0,79.0,54.0,54.0,60.0,64.0,60.0,30.0,55.0,48.0,2017
207,2017-07-27,73.0,91.0,70.0,75.0,73.0,43.0,27.0,40.0,62.0,71.0,2017
208,2017-07-28,74.0,80.0,56.0,47.0,34.0,73.0,68.0,39.0,42.0,50.0,2017
209,2017-07-29,68.0,61.0,57.0,50.0,31.0,84.0,57.0,30.0,51.0,52.0,2017
210,2017-07-30,65.0,80.0,43.0,48.0,47.0,74.0,53.0,18.0,45.0,59.0,2017
211,2017-07-31,59.0,78.0,53.0,53.0,36.0,83.0,67.0,24.0,32.0,43.0,2017
212,2017-08-01,57.0,66.0,68.0,77.0,65.0,44.0,38.0,39.0,70.0,57.0,2017
213,2017-08-02,71.0,74.0,45.0,55.0,48.0,76.0,46.0,36.0,55.0,46.0,2017
214,2017-08-03,62.0,79.0,50.0,63.0,52.0,74.0,65.0,26.0,47.0,35.0,2017
215,2017-08-04,73.0,77.0,48.0,47.0,41.0,69.0,54.0,27.0,53.0,50.0,2017
216,2017-08-05,51.0,77.0,41.0,48.0,40.0,71.0,64.0,36.0,57.0,48.0,2017
217,2017-08-06,58.0,74.0,49.0,60.0,31.0,73.0,75.0,33.0,50.0,45.0,2017
218,2017-08-07,67.0,86.0,42.0,46.0,42.0,66.0,76.0,24.0,51.0,35.0,2017
219,2017-08-08,74.0,61.0,71.0,81.0,72.0,45.0,35.0,42.0,63.0,65.0,2017
220,2017-08-09,63.0,75.0,68.0,68.0,82.0,40.0,34.0,33.0,57.0,63.0,2017
221,2017-08-10,62.0,72.0,48.0,44.0,41.0,68.0,69.0,29.0,40.0,33.0,2017
222,2017-08-11,49.0,65.0,55.0,53.0,53.0,76.0,60.0,36.0,39.0,54.0,2017
223,2017-08-12,56.0,72.0,49.0,58.0,41.0,61.0,67.0,39.0,57.0,49.0,2017
224,2017-08-13,63.0,71.0,66.0,80.0,79.0,48.0,36.0,30.0,69.0,69.0,2017
225,2017-08-14,71.0,72.0,33.0,54.0,43.0,55.0,58.0,29.0,36.0,50.0,2017
226,2017-08-15,58.0,69.0,76.0,82.0,74.0,41.0,41.0,42.0,69.0,62.0,2017
227,2017-08-16,63.0,73.0,51.0,54.0,54.0,76.0,50.0,25.0,46.0,28.0,2017
228,2017-08-17,68.0,81.0,61.0,54.0,36.0,84.0,67.0,48.0,44.0,57.0,2017
229,2017-08-18,50.0,85.0,58.0,44.0,38.0,78.0,63.0,34.0,49.0,42.0,2017
230,2017-08-19,57.0,88.0,62.0,49.0,58.0,62.0,50.0,35.0,47.0,47.0,2017
231,2017-08-20,61.0,75.0,60.0,58.0,57.0,80.0,54.0,25.0,41.0,44.0,2017
232,2017-08-21,63.0,66.0,38.0,60.0,52.0,65.0,55.0,30.0,56.0,37.0,2017
233,2017-08-22,58.0,79.0,45.0,50.0,48.0,81.0,72.0,30.0,38.0,50.0,2017
234,2017-08-23,75.0,67.0,53.0,57.0,45.0,66.0,71.0,29.0,40.0,45.0,2017
235,2017-08-24,47.0,72.0,72.0,84.0,73.0,46.0,39.0,34.0,54.0,72.0,2017
236,2017-08-25,58.0,78.0,43.0,46.0,38.0,79.0,57.0,43.0,42.0,47.0,2017
237,2017-08-26,63.0,73.0,46.0,51.0,51.0,79.0,65.0,19.0,51.0,54.0,2017
238,2017-08-27,64.0,71.0,52.0,58.0,42.0,75.0,62.0,28.0,48.0,47.0,2017
239,2017-08-28,58.0,81.0,55.0,42.0,39.0,71.0,52.0,29.0,54.0,43.0,2017
240,2017-08-29,73.0,75.0,45.0,43.0,45.0,79.0,67.0,30.0,36.0,43.0,2017
241,2017-08-30,66.0,75.0,54.0,61.0,51.0,64.0,63.0,30.0,52.0,52.0,2017
242,2017-08-31,54.0,79.0,63.0,65.0,57.0,35.0,35.0,47.0,60.0,49.0,2017
243,2017-09-01,64.0,74.0,51.0,39.0,47.0,72.0,56.0,32.0,47.0,56.0,2017
244,2017-09-02,61.0,77.0,42.0,52.0,48.0,69.0,68.0,31.0,47.0,38.0,2017
245,2017-09-03,44.0,69.0,75.0,77.0,82.0,64.0,55.0,35.0,72.0,68.0,2017
246,2017-09-04,59.0,70.0,45.0,46.0,57.0,84.0,58.0,30.0,41.0,54.0,2017
247,2017-09-05,55.0,68.0,51.0,81.0,72.0,48.0,32.0,34.0,53.0,52.0,2017
248,2017-09-06,64.0,64.0,57.0,81.0,82.0,52.0,33.0,28.0,73.0,57.0,2017
249,2017-09-07,74.0,86.0,37.0,51.0,56.0,69.0,63.0,34.0,43.0,46.0,2017
250,2017-09-08,72.0,80.0,49.0,54.0,50.0,72.0,56.0,33.0,38.0,45.0,2017
251,2017-09-09,77.0,93.0,54.0,51.0,37.0,60.0,70.0,33.0,34.0,56.0,2017
252,2017-09-10,68.0,87.0,55.0,54.0,52.0,83.0,73.0,28.0,47.0,51.0,2017
253,2017-09-11,63.0,68.0,46.0,46.0,45.0,75.0,69.0,26.0,47.0,38.0,2017
254,2017-09-12,80.0,77.0,52.0,57.0,39.0,76.0,61.0,41.0,34.0,42.0,2017
255,2017-09-13,56.0,76.0,47.0,59.0,57.0,82.0,42.0,26.0,47.0,50.0,2017
256,2017-09-14,63.0,74.0,44.0,57.0,41.0,77.0,71.0,24.0,52.0,42.0,2017
257,2017-09-15,63.0,67.0,52.0,60.0,47.0,78.0,58.0,31.0,44.0,44.0,2017
258,2017-09-16,56.0,76.0,63.0,54.0,46.0,82.0,52.0,16.0,41.0,41.0,2017
259,2017-09-17,54.0,66.0,73.0,81.0,76.0,59.0,44.0,43.0,71.0,62.0,2017
260,2017-09-18,74.0,71.0,57.0,47.0,43.0,74.0,56.0,34.0,41.0,50.0,2017
261,2017-09-19,66.0,79.0,32.0,50.0,41.0,68.0,67.0,44.0,37.0,48.0,2017
262,2017-09-20,59.0,63.0,74.0,78.0,77.0,54.0,37.0,38.0,70.0,61.0,2017
263,2017-09-21,76.0,77.0,57.0,63.0,31.0,83.0,67.0,37.0,40.0,42.0,2017
264,2017-09-22,58.0,64.0,77.0,70.0,70.0,42.0,49.0,31.0,52.0,73.0,2017
265,2017-09-23,59.0,72.0,56.0,51.0,39.0,76.0,62.0,23.0,54.0,45.0,2017
266,2017-09-24,64.0,74.0,41.0,59.0,54.0,64.0,57.0,35.0,47.0,37.0,2017
267,2017-09-25,64.0,78.0,57.0,59.0,30.0,68.0,60.0,26.0,47.0,58.0,2017
268,2017-09-26,75.0,82.0,52.0,50.0,44.0,74.0,50.0,24.0,48.0,46.0,2017
269,2017-09-27,60.0,80.0,46.0,51.0,48.0,72.0,61.0,40.0,60.0,48.0,2017
270,2017-09-28,62.0,74.0,39.0,46.0,39.0,85.0,60.0,31.0,47.0,57.0,2017
271,2017-09-29,66.0,67.0,44.0,58.0,34.0,78.0,66.0,27.0,52.0,48.0,2017
272,2017-09-30,52.0,80.0,71.0,87.0,76.0,50.0,43.0,29.0,62.0,52.0,2017
273,2017-10-01,78.0,64.0,38.0,47.0,40.0,57.0,67.0,26.0,48.0,50.0,2017
274,2017-10-02,62.0,81.0,47.0,50.0,35.0,75.0,63.0,43.0,52.0,53.0,2017
275,2017-10-03,65.0,80.0,62.0,54.0,52.0,64.0,73.0,33.0,43.0,52.0,2017
276,2017-10-04,53.0,91.0,57.0,56.0,36.0,74.0,64.0,30.0,42.0,62.0,2017
277,2017-10-05,76.0,78.0,35.0,61.0,38.0,71.0,61.0,34.0,48.0,53.0,2017
278,2017-10-06,63.0,79.0,54.0,60.0,49.0,62.0,62.0,34.0,52.0,45.0,2017
279,2017-10-07,53.0,80.0,72.0,78.0,62.0,48.0,46.0,33.0,54.0,78.0,2017
280,2017-10-08,69.0,76.0,48.0,49.0,38.0,72.0,74.0,43.0,30.0,49.0,2017
281,2017-10-09,64.0,76.0,48.0,49.0,37.0,69.0,63.0,31.0,43.0,61.0,2017
282,2017-10-10,72.0,76.0,42.0,58.0,36.0,73.0,56.0,38.0,49.0,45.0,2017
283,2017-10-11,59.0,83.0,41.0,47.0,58.0,67.0,69.0,40.0,32.0,62.0,2017
284,2017-10-12,60.0,73.0,53.0,40.0,39.0,71.0,63.0,26.0,43.0,49.0,2017
285,2017-10-13,62.0,88.0,37.0,66.0,48.0,82.0,52.0,33.0,39.0,34.0,2017
286,2017-10-14,56.0,69.0,47.0,71.0,42.0,72.0,63.0,23.0,48.0,50.0,2017
287,2017-10-15,64.0,86.0,49.0,61.0,49.0,75.0,60.0,27.0,52.0,38.0,2017
288,2017-10-16,62.0,84.0,50.0,48.0,49.0,72.0,52.0,30.0,51.0,52.0,2017
289,2017-10-17,71.0,76.0,28.0,61.0,52.0,75.0,71.0,39.0,37.0,44.0,2017
290,2017-10-18,60.0,69.0,77.0,84.0,76.0,48.0,26.0,33.0,63.0,71.0,2017
291,2017-10-19,76.0,72.0,55.0,54.0,39.0,79.0,56.0,41.0,42.0,41.0,2017
292,2017-10-20,73.0,66.0,42.0,61.0,45.0,73.0,65.0,32.0,46.0,41.0,2017
293,2017-10-21,61.0,82.0,38.0,58.0,35.0,71.0,60.0,34.0,47.0,41.0,2017
294,2017-10-22,62.0,76.0,43.0,59.0,47.0,73.0,65.0,33.0,46.0,40.0,2017
295,2017-10-23,60.0,68.0,72.0,83.0,81.0,38.0,49.0,41.0,48.0,66.0,2017
296,2017-10-24,50.0,83.0,54.0,68.0,41.0,76.0,55.0,30.0,52.0,46.0,2017
297,2017-10-25,66.0,72.0,45.0,54.0,42.0,75.0,64.0,30.0,41.0,54.0,2017
298,2017-10-26,55.0,72.0,52.0,53.0,48.0,73.0,56.0,37.0,41.0,63.0,2017
299,2017-10-27,55.0,73.0,45.0,50.0,38.0,68.0,60.0,33.0,55.0,42.0,2017
300,2017-10-28,60.0,78.0,44.0,56.0,45.0,58.0,67.0,34.0,40.0,55.0,2017
301,2017-10-29,63.0,80.0,48.0,37.0,50.0,78.0,48.0,31.0,43.0,49.0,2017
302,2017-10-30,64.0,71.0,43.0,51.0,57.0,70.0,60.0,29.0,61.0,53.0,2017
303,2017-10-31,60.0,77.0,49.0,60.0,50.0,79.0,63.0,43.0,50.0,36.0,2017
304,2017-11-01,68.0,75.0,50.0,51.0,34.0,76.0,57.0,32.0,51.0,52.0,2017
305,2017-11-02,55.0,75.0,64.0,91.0,82.0,39.0,54.0,41.0,73.0,66.0,2017
306,2017-11-03,57.0,73.0,45.0,49.0,33.0,74.0,47.0,25.0,62.0,29.0,2017
307,2017-11-04,60.0,70.0,59.0,71.0,73.0,49.0,46.0,37.0,65.0,65.0,2017
308,2017-11-05,72.0,85.0,53.0,43.0,40.0,80.0,66.0,38.0,47.0,41.0,2017
309,2017-11-06,72.0,68.0,48.0,44.0,62.0,74.0,51.0,41.0,42.0,46.0,2017
310,2017-11-07,55.0,74.0,75.0,93.0,74.0,57.0,36.0,10.0,45.0,72.0,2017
311,2017-11-08,56.0,67.0,54.0,59.0,44.0,63.0,67.0,34.0,34.0,53.0,2017
312,2017-11-09,70.0,83.0,31.0,46.0,40.0,79.0,66.0,41.0,46.0,53.0,2017
313,2017-11-10,59.0,69.0,81.0,73.0,76.0,33.0,36.0,45.0,65.0,74.0,2017
314,2017-11-11,70.0,69.0,44.0,52.0,45.0,70.0,61.0,30.0,43.0,38.0,2017
315,2017-11-12,54.0,79.0,58.0,61.0,48.0,67.0,69.0,31.0,59.0,50.0,2017
316,2017-11-13,73.0,80.0,51.0,51.0,42.0,78.0,63.0,39.0,49.0,44.0,2017
317,2017-11-14,54.0,84.0,76.0,83.0,71.0,51.0,43.0,34.0,55.0,61.0,2017
318,2017-11-15,59.0,77.0,41.0,60.0,48.0,73.0,65.0,44.0,43.0,45.0,2017
319,2017-11-16,64.0,66.0,38.0,62.0,46.0,61.0,62.0,38.0,29.0,50.0,2017
320,2017-11-17,65.0,67.0,49.0,52.0,30.0,67.0,57.0,42.0,50.0,49.0,2017
321,2017-11-18,67.0,87.0,58.0,54.0,30.0,78.0,72.0,25.0,47.0,32.0,2017
322,2017-11-19,64.0,76.0,63.0,54.0,49.0,66.0,55.0,32.0,45.0,47.0,2017
323,2017-11-20,62.0,67.0,53.0,54.0,40.0,66.0,68.0,30.0,46.0,35.0,2017
324,2017-11-21,50.0,67.0,56.0,65.0,88.0,45.0,32.0,31.0,71.0,63.0,2017
325,2017-11-22,70.0,89.0,46.0,51.0,48.0,79.0,71.0,39.0,37.0,43.0,2017
326,2017-11-23,63.0,76.0,48.0,46.0,33.0,74.0,66.0,23.0,31.0,44.0,2017
327,2017-11-24,64.0,76.0,59.0,53.0,34.0,60.0,72.0,36.0,38.0,54.0,2017
328,2017-11-25,71.0,75.0,36.0,46.0,34.0,72.0,58.0,32.0,33.0,39.0,2017
329,2017-11-26,70.0,69.0,45.0,37.0,36.0,75.0,77.0,30.0,37.0,44.0,2017
330,2017-11-27,58.0,78.0,48.0,56.0,23.0,69.0,57.0,45.0,57.0,38.0,2017
331,2017-11-28,51.0,68.0,71.0,91.0,79.0,46.0,31.0,31.0,55.0,50.0,2017
332,2017-11-29,73.0,64.0,44.0,55.0,50.0,62.0,69.0,31.0,44.0,51.0,2017
333,2017-11-30,62.0,71.0,76.0,80.0,72.0,51.0,34.0,37.0,65.0,75.0,2017
334,2017-12-01,53.0,76.0,40.0,56.0,54.0,73.0,69.0,36.0,48.0,38.0,2017
335,2017-12-02,61.0,82.0,50.0,53.0,49.0,81.0,61.0,19.0,41.0,33.0,2017
336,2017-12-03,62.0,75.0,49.0,46.0,44.0,73.0,61.0,29.0,42.0,38.0,2017
337,2017-12-04,67.0,77.0,61.0,59.0,44.0,70.0,66.0,33.0,45.0,42.0,2017
338,2017-12-05,51.0,76.0,57.0,51.0,40.0,70.0,62.0,37.0,42.0,51.0,2017
339,2017-12-06,57.0,65.0,52.0,59.0,48.0,65.0,65.0,39.0,37.0,37.0,2017
340,2017-12-07,56.0,78.0,54.0,50.0,35.0,67.0,64.0,24.0,33.0,54.0,2017
341,2017-12-08,71.0,66.0,45.0,52.0,59.0,74.0,61.0,37.0,45.0,48.0,2017
342,2017-12-09,63.0,86.0,36.0,43.0,40.0,59.0,65.0,38.0,48.0,50.0,2017
343,2017-12-10,58.0,82.0,46.0,54.0,42.0,69.0,63.0,35.0,43.0,49.0,2017
344,2017-12-11,62.0,71.0,56.0,54.0,43.0,67.0,58.0,38.0,46.0,51.0,2017
345,2017-12-12,61.0,80.0,47.0,56.0,58.0,81.0,71.0,24.0,40.0,53.0,2017
346,2017-12-13,69.0,76.0,54.0,64.0,56.0,76.0,73.0,16.0,46.0,40.0,2017
347,2017-12-14,75.0,71.0,40.0,58.0,55.0,78.0,60.0,38.0,38.0,50.0,2017
348,2017-12-15,53.0,91.0,74.0,83.0,57.0,51.0,34.0,33.0,62.0,61.0,2017
349,2017-12-16,77.0,87.0,54.0,61.0,33.0,81.0,59.0,37.0,49.0,40.0,2017
350,2017-12-17,56.0,83.0,50.0,65.0,51.0,78.0,65.0,28.0,53.0,49.0,2017
351,2017-12-18,73.0,77.0,64.0,69.0,70.0,52.0,46.0,46.0,54.0,65.0,2017
352,2017-12-19,60.0,68.0,54.0,58.0,64.0,75.0,52.0,34.0,47.0,60.0,2017
353,2017-12-20,75.0,91.0,40.0,54.0,39.0,73.0,64.0,33.0,40.0,47.0,2017
354,2017-12-21,54.0,66.0,58.0,57.0,35.0,70.0,65.0,32.0,47.0,46.0,2017
355,2017-12-22,50.0,82.0,55.0,43.0,42.0,78.0,65.0,22.0,47.0,37.0,2017
356,2017-12-23,57.0,75.0,50.0,52.0,40.0,65.0,67.0,28.0,50.0,44.0,2017
357,2017-12-24,58.0,78.0,47.0,57.0,55.0,74.0,66.0,31.0,55.0,47.0,2017
358,2017-12-25,65.0,78.0,54.0,52.0,47.0,72.0,59.0,32.0,36.0,34.0,2017
359,2017-12-26,57.0,78.0,51.0,45.0,41.0,61.0,68.0,38.0,53.0,49.0,2017
360,2017-12-27,66.0,86.0,52.0,60.0,54.0,76.0,57.0,27.0,60.0,52.0,2017
361,2017-12-28,61.0,75.0,43.0,51.0,45.0,75.0,71.0,18.0,41.0,45.0,2017
362,2017-12-29,51.0,80.0,48.0,54.0,59.0,86.0,57.0,34.0,50.0,50.0,2017
363,2017-12-30,50.0,62.0,49.0,58.0,38.0,81.0,49.0,23.0,59.0,45.0,2017
364,2017-12-31,62.0,59.0,77.0,77.0,77.0,34.0,37.0,27.0,53.0,60.0,2017
365,2018-01-01,61.0,78.0,39.0,61.0,57.0,76.0,68.0,27.0,33.0,42.0,2018
366,2018-01-02,62.0,71.0,52.0,44.0,39.0,72.0,80.0,42.0,47.0,42.0,2018
367,2018-01-03,54.0,74.0,52.0,59.0,41.0,70.0,55.0,38.0,46.0,51.0,2018
368,2018-01-04,81.0,70.0,54.0,46.0,34.0,79.0,67.0,25.0,36.0,48.0,2018
369,2018-01-05,64.0,86.0,51.0,44.0,44.0,70.0,63.0,28.0,46.0,30.0,2018
370,2018-01-06,75.0,80.0,52.0,54.0,52.0,74.0,54.0,31.0,43.0,51.0,2018
371,2018-01-07,70.0,72.0,46.0,62.0,38.0,73.0,55.0,38.0,39.0,46.0,2018
372,2018-01-08,63.0,78.0,57.0,65.0,46.0,64.0,52.0,41.0,37.0,42.0,2018
373,2018-01-09,73.0,67.0,44.0,59.0,39.0,69.0,63.0,27.0,52.0,50.0,2018
374,2018-01-10,57.0,80.0,45.0,66.0,49.0,82.0,56.0,38.0,34.0,53.0,2018
375,2018-01-11,62.0,78.0,52.0,53.0,36.0,66.0,58.0,39.0,43.0,60.0,2018
376,2018-01-12,69.0,83.0,55.0,45.0,37.0,77.0,55.0,19.0,54.0,31.0,2018
377,2018-01-13,65.0,75.0,54.0,52.0,47.0,82.0,67.0,54.0,53.0,55.0,2018
378,2018-01-14,58.0,65.0,65.0,89.0,79.0,56.0,39.0,32.0,62.0,67.0,2018
379,2018-01-15,64.0,76.0,49.0,72.0,47.0,71.0,65.0,39.0,45.0,47.0,2018
380,2018-01-16,60.0,78.0,34.0,54.0,49.0,89.0,51.0,19.0,52.0,40.0,2018
381,2018-01-17,74.0,65.0,57.0,55.0,42.0,70.0,55.0,37.0,47.0,47.0,2018
382,2018-01-18,68.0,75.0,47.0,58.0,51.0,65.0,63.0,32.0,48.0,37.0,2018
383,2018-01-19,63.0,69.0,36.0,61.0,45.0,77.0,47.0,45.0,39.0,48.0,2018
384,2018-01-20,64.0,84.0,55.0,53.0,34.0,76.0,66.0,41.0,36.0,46.0,2018
385,2018-01-21,59.0,86.0,67.0,68.0,72.0,62.0,39.0,51.0,53.0,70.0,2018
386,2018-01-22,66.0,72.0,69.0,86.0,66.0,49.0,29.0,45.0,60.0,63.0,2018
387,2018-01-23,59.0,68.0,40.0,51.0,49.0,74.0,55.0,25.0,41.0,45.0,2018
388,2018-01-24,67.0,80.0,40.0,50.0,64.0,68.0,55.0,39.0,61.0,48.0,2018
389,2018-01-25,69.0,77.0,48.0,61.0,53.0,63.0,59.0,23.0,47.0,44.0,2018
390,2018-01-26,59.0,70.0,76.0,68.0,69.0,52.0,45.0,42.0,61.0,58.0,2018
391,2018-01-27,62.0,77.0,46.0,46.0,52.0,69.0,61.0,36.0,42.0,48.0,2018
392,2018-01-28,57.0,83.0,52.0,52.0,53.0,75.0,65.0,36.0,55.0,45.0,2018
393,2018-01-29,67.0,77.0,50.0,64.0,50.0,80.0,53.0,32.0,47.0,48.0,2018
394,2018-01-30,69.0,73.0,57.0,42.0,38.0,68.0,55.0,39.0,42.0,54.0,2018
395,2018-01-31,62.0,80.0,45.0,53.0,34.0,73.0,74.0,31.0,47.0,43.0,2018
396,2018-02-01,61.0,86.0,49.0,47.0,59.0,65.0,45.0,32.0,49.0,54.0,2018
397,2018-02-02,73.0,72.0,52.0,50.0,42.0,80.0,45.0,35.0,52.0,38.0,2018
398,2018-02-03,66.0,73.0,52.0,53.0,41.0,72.0,58.0,36.0,42.0,47.0,2018
399,2018-02-04,49.0,75.0,74.0,75.0,84.0,41.0,32.0,32.0,60.0,72.0,2018
400,2018-02-05,63.0,77.0,32.0,57.0,30.0,70.0,59.0,32.0,54.0,38.0,2018
401,2018-02-06,57.0,71.0,53.0,61.0,41.0,76.0,59.0,24.0,51.0,44.0,2018
402,2018-02-07,68.0,73.0,48.0,54.0,38.0,75.0,58.0,31.0,53.0,55.0,2018
403,2018-02-08,65.0,83.0,44.0,60.0,39.0,64.0,53.0,22.0,37.0,40.0,2018
404,2018-02-09,61.0,67.0,43.0,51.0,42.0,68.0,54.0,29.0,42.0,46.0,2018
405,2018-02-10,43.0,75.0,69.0,83.0,72.0,30.0,45.0,47.0,45.0,66.0,2018
406,2018-02-11,57.0,76.0,50.0,52.0,40.0,77.0,56.0,42.0,43.0,51.0,2018
407,2018-02-12,71.0,72.0,49.0,48.0,44.0,66.0,59.0,34.0,53.0,41.0,2018
408,2018-02-13,68.0,76.0,31.0,48.0,39.0,78.0,55.0,33.0,56.0,37.0,2018
409,2018-02-14,63.0,84.0,49.0,46.0,43.0,81.0,64.0,33.0,40.0,61.0,2018
410,2018-02-15,67.0,77.0,53.0,67.0,43.0,67.0,58.0,37.0,34.0,49.0,2018
411,2018-02-16,72.0,77.0,50.0,53.0,43.0,63.0,47.0,34.0,52.0,55.0,2018
412,2018-02-17,78.0,67.0,36.0,49.0,37.0,79.0,66.0,26.0,49.0,33.0,2018
413,2018-02-18,66.0,76.0,40.0,39.0,32.0,70.0,66.0,35.0,46.0,43.0,2018
414,2018-02-19,64.0,83.0,48.0,42.0,60.0,75.0,54.0,19.0,44.0,50.0,2018
415,2018-02-20,76.0,73.0,55.0,48.0,32.0,65.0,66.0,29.0,45.0,48.0,2018
416,2018-02-21,59.0,86.0,55.0,50.0,48.0,67.0,51.0,35.0,36.0,38.0,2018
417,2018-02-22,71.0,78.0,47.0,47.0,40.0,81.0,66.0,30.0,41.0,38.0,2018
418,2018-02-23,60.0,80.0,41.0,56.0,51.0,81.0,78.0,18.0,39.0,53.0,2018
419,2018-02-24,49.0,67.0,61.0,85.0,70.0,36.0,42.0,36.0,66.0,78.0,2018
420,2018-02-25,55.0,58.0,47.0,46.0,36.0,74.0,65.0,30.0,58.0,46.0,2018
421,2018-02-26,74.0,72.0,55.0,45.0,49.0,65.0,74.0,35.0,47.0,42.0,2018
422,2018-02-27,66.0,73.0,46.0,45.0,43.0,72.0,74.0,21.0,39.0,51.0,2018
423,2018-02-28,48.0,77.0,49.0,48.0,48.0,71.0,52.0,23.0,57.0,39.0,2018
424,2018-03-01,70.0,93.0,57.0,54.0,36.0,73.0,66.0,39.0,36.0,50.0,2018
425,2018-03-02,62.0,79.0,59.0,32.0,45.0,77.0,58.0,34.0,49.0,42.0,2018
426,2018-03-03,54.0,75.0,64.0,72.0,75.0,42.0,34.0,31.0,72.0,70.0,2018
427,2018-03-04,74.0,71.0,43.0,55.0,45.0,73.0,68.0,23.0,42.0,51.0,2018
428,2018-03-05,54.0,80.0,51.0,45.0,38.0,78.0,54.0,24.0,64.0,46.0,2018
429,2018-03-06,66.0,78.0,47.0,55.0,49.0,62.0,55.0,38.0,44.0,47.0,2018
430,2018-03-07,63.0,77.0,44.0,58.0,56.0,79.0,47.0,33.0,49.0,50.0,2018
431,2018-03-08,67.0,69.0,53.0,47.0,46.0,82.0,65.0,30.0,49.0,40.0,2018
432,2018-03-09,68.0,64.0,68.0,84.0,81.0,45.0,28.0,48.0,74.0,70.0,2018
433,2018-03-10,65.0,90.0,37.0,46.0,46.0,73.0,70.0,37.0,51.0,44.0,2018
434,2018-03-11,66.0,73.0,53.0,51.0,54.0,77.0,66.0,38.0,35.0,48.0,2018
435,2018-03-12,52.0,74.0,55.0,52.0,47.0,64.0,67.0,31.0,51.0,42.0,2018
436,2018-03-13,57.0,73.0,49.0,53.0,49.0,77.0,68.0,25.0,34.0,43.0,2018
437,2018-03-14,56.0,68.0,73.0,68.0,58.0,52.0,39.0,49.0,62.0,64.0,2018
438,2018-03-15,58.0,79.0,53.0,53.0,33.0,73.0,62.0,29.0,44.0,43.0,2018
439,2018-03-16,64.0,81.0,48.0,61.0,43.0,72.0,55.0,31.0,46.0,48.0,2018
440,2018-03-17,62.0,78.0,43.0,69.0,42.0,64.0,61.0,39.0,50.0,52.0,2018
441,2018-03-18,63.0,77.0,50.0,61.0,41.0,77.0,66.0,28.0,60.0,41.0,2018
442,2018-03-19,50.0,73.0,43.0,51.0,44.0,75.0,51.0,23.0,50.0,42.0,2018
443,2018-03-20,65.0,80.0,53.0,42.0,49.0,68.0,68.0,24.0,45.0,35.0,2018
444,2018-03-21,66.0,66.0,54.0,40.0,40.0,66.0,80.0,33.0,46.0,44.0,2018
445,2018-03-22,67.0,80.0,51.0,46.0,54.0,80.0,58.0,49.0,40.0,37.0,2018
446,2018-03-23,60.0,69.0,45.0,61.0,44.0,75.0,63.0,32.0,47.0,45.0,2018
447,2018-03-24,56.0,89.0,49.0,46.0,43.0,64.0,72.0,24.0,53.0,50.0,2018
448,2018-03-25,59.0,73.0,61.0,56.0,38.0,82.0,64.0,30.0,42.0,58.0,2018
449,2018-03-26,56.0,72.0,48.0,68.0,38.0,63.0,55.0,39.0,44.0,51.0,2018
450,2018-03-27,73.0,73.0,42.0,35.0,43.0,60.0,71.0,44.0,35.0,52.0,2018
451,2018-03-28,69.0,92.0,45.0,67.0,45.0,77.0,69.0,30.0,49.0,48.0,2018
452,2018-03-29,59.0,69.0,45.0,54.0,60.0,75.0,61.0,31.0,35.0,44.0,2018
453,2018-03-30,58.0,83.0,50.0,58.0,35.0,80.0,64.0,33.0,43.0,47.0,2018
454,2018-03-31,44.0,74.0,69.0,85.0,72.0,50.0,55.0,42.0,64.0,57.0,2018
455,2018-04-01,62.0,84.0,53.0,45.0,48.0,82.0,54.0,31.0,45.0,51.0,2018
456,2018-04-02,69.0,78.0,64.0,45.0,35.0,56.0,74.0,37.0,49.0,50.0,2018
457,2018-04-03,62.0,94.0,53.0,54.0,40.0,80.0,51.0,34.0,56.0,49.0,2018
458,2018-04-04,43.0,76.0,60.0,78.0,83.0,42.0,32.0,39.0,78.0,72.0,2018
459,2018-04-05,66.0,78.0,56.0,49.0,48.0,72.0,50.0,28.0,42.0,52.0,2018
460,2018-04-06,70.0,91.0,33.0,43.0,34.0,65.0,65.0,42.0,56.0,30.0,2018
461,2018-04-07,69.0,76.0,46.0,57.0,52.0,79.0,63.0,28.0,51.0,63.0,2018
462,2018-04-08,69.0,84.0,51.0,48.0,37.0,68.0,65.0,35.0,39.0,50.0,2018
463,2018-04-09,63.0,79.0,52.0,47.0,41.0,78.0,61.0,45.0,43.0,51.0,2018
464,2018-04-10,67.0,82.0,44.0,54.0,51.0,75.0,63.0,31.0,33.0,41.0,2018
465,2018-04-11,66.0,82.0,43.0,60.0,44.0,74.0,71.0,24.0,49.0,52.0,2018
466,2018-04-12,56.0,69.0,34.0,54.0,42.0,87.0,58.0,39.0,46.0,39.0,2018
467,2018-04-13,59.0,66.0,72.0,54.0,69.0,35.0,36.0,31.0,66.0,74.0,2018
468,2018-04-14,50.0,70.0,72.0,91.0,82.0,44.0,34.0,44.0,71.0,68.0,2018
469,2018-04-15,69.0,70.0,60.0,53.0,48.0,70.0,59.0,26.0,45.0,37.0,2018
470,2018-04-16,65.0,67.0,49.0,45.0,55.0,73.0,61.0,31.0,42.0,40.0,2018
471,2018-04-17,65.0,85.0,56.0,47.0,42.0,70.0,63.0,33.0,51.0,46.0,2018
472,2018-04-18,65.0,72.0,51.0,52.0,49.0,64.0,55.0,26.0,52.0,51.0,2018
473,2018-04-19,59.0,71.0,75.0,81.0,75.0,56.0,33.0,38.0,70.0,65.0,2018
474,2018-04-20,69.0,71.0,60.0,55.0,34.0,74.0,65.0,34.0,46.0,54.0,2018
475,2018-04-21,66.0,82.0,50.0,59.0,45.0,64.0,53.0,34.0,30.0,64.0,2018
476,2018-04-22,53.0,74.0,54.0,44.0,56.0,81.0,59.0,29.0,41.0,44.0,2018
477,2018-04-23,62.0,79.0,73.0,81.0,69.0,38.0,49.0,32.0,55.0,59.0,2018
478,2018-04-24,53.0,82.0,52.0,52.0,41.0,73.0,64.0,36.0,48.0,44.0,2018
479,2018-04-25,54.0,76.0,53.0,47.0,44.0,84.0,63.0,28.0,35.0,48.0,2018
480,2018-04-26,74.0,76.0,45.0,58.0,43.0,75.0,65.0,31.0,38.0,46.0,2018
481,2018-04-27,45.0,83.0,45.0,47.0,49.0,58.0,55.0,29.0,38.0,40.0,2018
482,2018-04-28,60.0,69.0,54.0,56.0,45.0,77.0,74.0,27.0,42.0,47.0,2018
483,2018-04-29,72.0,71.0,44.0,53.0,43.0,69.0,67.0,34.0,41.0,44.0,2018
484,2018-04-30,71.0,87.0,40.0,53.0,43.0,82.0,79.0,40.0,51.0,43.0,2018
485,2018-05-01,66.0,80.0,52.0,52.0,41.0,70.0,74.0,33.0,37.0,50.0,2018
486,2018-05-02,72.0,77.0,58.0,44.0,45.0,72.0,70.0,18.0,51.0,41.0,2018
487,2018-05-03,53.0,72.0,63.0,54.0,53.0,70.0,63.0,40.0,36.0,43.0,2018
488,2018-05-04,59.0,75.0,53.0,45.0,54.0,78.0,69.0,47.0,38.0,44.0,2018
489,2018-05-05,53.0,67.0,44.0,58.0,45.0,77.0,65.0,35.0,42.0,53.0,2018
490,2018-05-06,76.0,80.0,35.0,53.0,48.0,63.0,61.0,50.0,39.0,47.0,2018
491,2018-05-07,59.0,83.0,35.0,52.0,44.0,66.0,70.0,40.0,42.0,45.0,2018
492,2018-05-08,52.0,62.0,69.0,89.0,72.0,30.0,44.0,41.0,65.0,67.0,2018
493,2018-05-09,60.0,70.0,51.0,54.0,41.0,66.0,64.0,29.0,57.0,30.0,2018
494,2018-05-10,57.0,62.0,80.0,74.0,76.0,48.0,40.0,33.0,66.0,60.0,2018
495,2018-05-11,56.0,73.0,54.0,55.0,44.0,73.0,60.0,31.0,34.0,37.0,2018
496,2018-05-12,58.0,81.0,54.0,49.0,48.0,73.0,57.0,42.0,42.0,49.0,2018
497,2018-05-13,50.0,85.0,70.0,84.0,75.0,44.0,39.0,34.0,75.0,65.0,2018
498,2018-05-14,58.0,78.0,48.0,51.0,48.0,69.0,61.0,45.0,52.0,45.0,2018
499,2018-05-15,68.0,84.0,36.0,59.0,41.0,62.0,65.0,28.0,47.0,50.0,2018
500,2018-05-16,70.0,84.0,45.0,55.0,43.0,75.0,52.0,37.0,57.0,48.0,2018
501,2018-05-17,47.0,73.0,71.0,72.0,67.0,34.0,44.0,45.0,61.0,48.0,2018
502,2018-05-18,63.0,69.0,55.0,59.0,52.0,71.0,56.0,25.0,50.0,37.0,2018
503,2018-05-19,65.0,73.0,48.0,49.0,51.0,75.0,62.0,25.0,48.0,43.0,2018
504,2018-05-20,51.0,78.0,51.0,54.0,33.0,70.0,65.0,27.0,38.0,44.0,2018
505,2018-05-21,51.0,69.0,50.0,39.0,44.0,80.0,51.0,16.0,44.0,48.0,2018
506,2018-05-22,67.0,80.0,52.0,49.0,51.0,65.0,72.0,30.0,47.0,34.0,2018
507,2018-05-23,65.0,83.0,48.0,47.0,49.0,75.0,56.0,25.0,40.0,58.0,2018
508,2018-05-24,83.0,69.0,52.0,47.0,57.0,68.0,53.0,34.0,49.0,38.0,2018
509,2018-05-25,44.0,72.0,78.0,75.0,81.0,46.0,28.0,32.0,73.0,76.0,2018
510,2018-05-26,68.0,70.0,49.0,53.0,38.0,84.0,69.0,34.0,42.0,51.0,2018
511,2018-05-27,60.0,66.0,45.0,66.0,42.0,83.0,74.0,20.0,39.0,47.0,2018
512,2018-05-28,52.0,75.0,50.0,42.0,41.0,82.0,65.0,29.0,33.0,45.0,2018
513,2018-05-29,68.0,73.0,56.0,54.0,32.0,62.0,54.0,39.0,46.0,47.0,2018
514,2018-05-30,71.0,69.0,54.0,57.0,47.0,71.0,57.0,45.0,38.0,43.0,2018
515,2018-05-31,59.0,75.0,53.0,60.0,44.0,83.0,63.0,30.0,46.0,37.0,2018
516,2018-06-01,60.0,67.0,71.0,93.0,79.0,52.0,31.0,42.0,58.0,64.0,2018
517,2018-06-02,64.0,51.0,61.0,53.0,49.0,66.0,57.0,42.0,41.0,51.0,2018
518,2018-06-03,59.0,69.0,54.0,89.0,72.0,39.0,35.0,33.0,60.0,72.0,2018
519,2018-06-04,51.0,85.0,46.0,61.0,45.0,72.0,71.0,39.0,49.0,38.0,2018
520,2018-06-05,55.0,81.0,49.0,50.0,64.0,69.0,60.0,31.0,50.0,33.0,2018
521,2018-06-06,64.0,82.0,47.0,65.0,56.0,65.0,54.0,29.0,39.0,42.0,2018
522,2018-06-07,60.0,78.0,69.0,75.0,80.0,53.0,51.0,40.0,68.0,67.0,2018
523,2018-06-08,55.0,69.0,62.0,80.0,71.0,45.0,44.0,32.0,63.0,77.0,2018
524,2018-06-09,63.0,72.0,50.0,48.0,35.0,68.0,57.0,39.0,49.0,40.0,2018
525,2018-06-10,72.0,69.0,45.0,43.0,47.0,75.0,53.0,38.0,33.0,54.0,2018
526,2018-06-11,61.0,74.0,53.0,48.0,49.0,73.0,56.0,20.0,42.0,36.0,2018
527,2018-06-12,63.0,78.0,43.0,54.0,53.0,76.0,62.0,37.0,50.0,45.0,2018
528,2018-06-13,66.0,75.0,56.0,53.0,41.0,74.0,57.0,32.0,42.0,46.0,2018
529,2018-06-14,71.0,81.0,34.0,58.0,35.0,64.0,62.0,35.0,52.0,41.0,2018
530,2018-06-15,81.0,71.0,47.0,64.0,33.0,81.0,57.0,34.0,35.0,43.0,2018
531,2018-06-16,55.0,81.0,46.0,58.0,39.0,73.0,56.0,34.0,42.0,45.0,2018
532,2018-06-17,76.0,77.0,58.0,58.0,53.0,72.0,69.0,25.0,47.0,49.0,2018
533,2018-06-18,51.0,86.0,27.0,44.0,46.0,74.0,52.0,35.0,46.0,35.0,2018
534,2018-06-19,64.0,83.0,58.0,58.0,47.0,84.0,66.0,43.0,44.0,48.0,2018
535,2018-06-20,65.0,71.0,49.0,52.0,41.0,89.0,66.0,40.0,37.0,45.0,2018
536,2018-06-21,60.0,79.0,45.0,49.0,40.0,74.0,62.0,32.0,44.0,33.0,2018
537,2018-06-22,70.0,82.0,56.0,58.0,54.0,65.0,63.0,38.0,48.0,51.0,2018
538,2018-06-23,64.0,82.0,48.0,55.0,59.0,66.0,53.0,41.0,40.0,43.0,2018
539,2018-06-24,57.0,55.0,70.0,83.0,83.0,61.0,38.0,40.0,62.0,58.0,2018
540,2018-06-25,51.0,63.0,36.0,62.0,51.0,73.0,71.0,31.0,52.0,49.0,2018
541,2018-06-26,48.0,81.0,76.0,60.0,86.0,45.0,35.0,43.0,56.0,62.0,2018
542,2018-06-27,62.0,75.0,44.0,45.0,38.0,75.0,68.0,24.0,45.0,47.0,2018
543,2018-06-28,63.0,72.0,41.0,55.0,51.0,92.0,75.0,29.0,27.0,35.0,2018
544,2018-06-29,59.0,78.0,61.0,49.0,45.0,67.0,75.0,33.0,53.0,37.0,2018
545,2018-06-30,55.0,85.0,54.0,60.0,34.0,67.0,64.0,50.0,40.0,46.0,2018
546,2018-07-01,62.0,74.0,50.0,56.0,47.0,80.0,65.0,34.0,39.0,50.0,2018
547,2018-07-02,58.0,74.0,44.0,57.0,56.0,72.0,54.0,30.0,50.0,38.0,2018
548,2018-07-03,57.0,78.0,44.0,56.0,43.0,73.0,50.0,39.0,51.0,51.0,2018
549,2018-07-04,65.0,95.0,52.0,47.0,51.0,67.0,56.0,32.0,42.0,38.0,2018
550,2018-07-05,61.0,71.0,38.0,52.0,39.0,81.0,65.0,19.0,40.0,41.0,2018
551,2018-07-06,48.0,74.0,42.0,51.0,58.0,84.0,53.0,40.0,36.0,57.0,2018
552,2018-07-07,54.0,69.0,57.0,85.0,73.0,39.0,39.0,36.0,70.0,68.0,2018
553,2018-07-08,67.0,87.0,78.0,74.0,61.0,44.0,52.0,41.0,54.0,57.0,2018
554,2018-07-09,62.0,66.0,45.0,52.0,42.0,64.0,56.0,29.0,42.0,35.0,2018
555,2018-07-10,60.0,71.0,63.0,69.0,71.0,62.0,43.0,45.0,67.0,65.0,2018
556,2018-07-11,74.0,85.0,45.0,54.0,45.0,66.0,62.0,35.0,28.0,47.0,2018
557,2018-07-12,47.0,76.0,41.0,52.0,50.0,48.0,58.0,38.0,50.0,50.0,2018
558,2018-07-13,69.0,65.0,53.0,44.0,39.0,68.0,53.0,28.0,43.0,54.0,2018
559,2018-07-14,74.0,70.0,55.0,53.0,50.0,54.0,44.0,40.0,48.0,45.0,2018
560,2018-07-15,68.0,72.0,49.0,51.0,40.0,74.0,50.0,32.0,43.0,42.0,2018
561,2018-07-16,53.0,85.0,50.0,51.0,57.0,86.0,64.0,26.0,45.0,47.0,2018
562,2018-07-17,52.0,79.0,34.0,50.0,37.0,77.0,61.0,33.0,56.0,43.0,2018
563,2018-07-18,67.0,71.0,36.0,50.0,42.0,79.0,64.0,36.0,52.0,59.0,2018
564,2018-07-19,59.0,78.0,59.0,56.0,49.0,67.0,74.0,30.0,42.0,35.0,2018
565,2018-07-20,72.0,85.0,69.0,81.0,78.0,45.0,43.0,29.0,57.0,60.0,2018
566,2018-07-21,74.0,74.0,52.0,72.0,42.0,77.0,71.0,25.0,41.0,42.0,2018
567,2018-07-22,75.0,85.0,48.0,50.0,38.0,80.0,61.0,36.0,42.0,50.0,2018
568,2018-07-23,72.0,75.0,47.0,56.0,30.0,74.0,75.0,26.0,35.0,52.0,2018
569,2018-07-24,68.0,72.0,39.0,33.0,53.0,67.0,64.0,26.0,47.0,49.0,2018
570,2018-07-25,63.0,73.0,49.0,59.0,43.0,43.0,46.0,39.0,41.0,52.0,2018
571,2018-07-26,77.0,83.0,45.0,50.0,53.0,69.0,67.0,29.0,46.0,50.0,2018
572,2018-07-27,67.0,88.0,52.0,50.0,51.0,87.0,60.0,27.0,47.0,51.0,2018
573,2018-07-28,63.0,83.0,42.0,43.0,53.0,62.0,57.0,33.0,45.0,46.0,2018
574,2018-07-29,62.0,67.0,61.0,60.0,39.0,71.0,61.0,39.0,53.0,41.0,2018
575,2018-07-30,64.0,82.0,44.0,55.0,52.0,70.0,61.0,32.0,47.0,34.0,2018
576,2018-07-31,65.0,73.0,45.0,58.0,37.0,71.0,63.0,36.0,43.0,52.0,2018
577,2018-08-01,56.0,68.0,54.0,51.0,54.0,68.0,63.0,30.0,43.0,47.0,2018
578,2018-08-02,55.0,69.0,45.0,60.0,39.0,72.0,60.0,31.0,30.0,55.0,2018
579,2018-08-03,61.0,81.0,52.0,56.0,47.0,73.0,72.0,43.0,32.0,52.0,2018
580,2018-08-04,66.0,82.0,42.0,60.0,52.0,73.0,63.0,30.0,51.0,53.0,2018
581,2018-08-05,60.0,79.0,58.0,61.0,53.0,78.0,49.0,23.0,46.0,38.0,2018
582,2018-08-06,50.0,68.0,80.0,78.0,71.0,43.0,30.0,38.0,51.0,71.0,2018
583,2018-08-07,55.0,66.0,37.0,45.0,40.0,71.0,69.0,35.0,41.0,44.0,2018
584,2018-08-08,65.0,72.0,69.0,75.0,78.0,41.0,39.0,26.0,59.0,57.0,2018
585,2018-08-09,58.0,81.0,59.0,60.0,39.0,71.0,62.0,37.0,44.0,55.0,2018
586,2018-08-10,58.0,66.0,40.0,47.0,43.0,73.0,68.0,10.0,53.0,26.0,2018
587,2018-08-11,72.0,87.0,53.0,58.0,40.0,67.0,59.0,22.0,36.0,37.0,2018
588,2018-08-12,69.0,81.0,56.0,51.0,41.0,82.0,54.0,47.0,40.0,50.0,2018
589,2018-08-13,57.0,64.0,45.0,70.0,48.0,82.0,73.0,21.0,33.0,40.0,2018
590,2018-08-14,67.0,65.0,52.0,55.0,51.0,74.0,59.0,29.0,34.0,49.0,2018
591,2018-08-15,69.0,73.0,43.0,57.0,50.0,70.0,56.0,39.0,44.0,61.0,2018
592,2018-08-16,64.0,80.0,41.0,58.0,40.0,62.0,52.0,20.0,40.0,54.0,2018
593,2018-08-17,71.0,72.0,53.0,46.0,46.0,72.0,57.0,35.0,35.0,48.0,2018
594,2018-08-18,64.0,83.0,48.0,47.0,47.0,73.0,60.0,32.0,49.0,46.0,2018
595,2018-08-19,57.0,69.0,42.0,53.0,47.0,79.0,61.0,25.0,41.0,44.0,2018
596,2018-08-20,52.0,70.0,64.0,65.0,40.0,72.0,54.0,41.0,50.0,40.0,2018
597,2018-08-21,64.0,79.0,53.0,59.0,47.0,67.0,62.0,26.0,40.0,47.0,2018
598,2018-08-22,63.0,74.0,59.0,49.0,45.0,78.0,64.0,39.0,40.0,47.0,2018
599,2018-08-23,64.0,75.0,57.0,54.0,63.0,80.0,52.0,23.0,53.0,47.0,2018
600,2018-08-24,65.0,74.0,49.0,54.0,49.0,66.0,55.0,30.0,39.0,34.0,2018
601,2018-08-25,65.0,72.0,48.0,53.0,43.0,67.0,67.0,41.0,34.0,47.0,2018
602,2018-08-26,59.0,70.0,55.0,50.0,45.0,78.0,58.0,41.0,40.0,50.0,2018
603,2018-08-27,55.0,74.0,76.0,81.0,80.0,52.0,52.0,51.0,66.0,73.0,2018
604,2018-08-28,62.0,77.0,70.0,81.0,62.0,48.0,34.0,29.0,62.0,60.0,2018
605,2018-08-29,59.0,94.0,39.0,49.0,42.0,72.0,65.0,25.0,40.0,41.0,2018
606,2018-08-30,70.0,68.0,52.0,54.0,36.0,70.0,71.0,36.0,47.0,53.0,2018
607,2018-08-31,72.0,67.0,39.0,50.0,38.0,69.0,59.0,25.0,48.0,48.0,2018
608,2018-09-01,66.0,88.0,55.0,53.0,52.0,76.0,63.0,31.0,45.0,54.0,2018
609,2018-09-02,51.0,78.0,78.0,71.0,70.0,46.0,39.0,36.0,67.0,80.0,2018
610,2018-09-03,63.0,79.0,47.0,52.0,43.0,71.0,60.0,49.0,46.0,40.0,2018
611,2018-09-04,49.0,77.0,43.0,49.0,49.0,73.0,51.0,35.0,49.0,48.0,2018
612,2018-09-05,54.0,86.0,57.0,63.0,48.0,72.0,50.0,33.0,45.0,42.0,2018
613,2018-09-06,69.0,93.0,43.0,55.0,43.0,83.0,67.0,30.0,35.0,47.0,2018
614,2018-09-07,65.0,67.0,59.0,44.0,48.0,75.0,62.0,15.0,49.0,39.0,2018
615,2018-09-08,63.0,85.0,43.0,51.0,40.0,78.0,65.0,32.0,41.0,38.0,2018
616,2018-09-09,65.0,69.0,54.0,49.0,46.0,74.0,67.0,42.0,63.0,54.0,2018
617,2018-09-10,57.0,75.0,37.0,55.0,29.0,65.0,55.0,27.0,53.0,48.0,2018
618,2018-09-11,60.0,65.0,59.0,91.0,82.0,43.0,43.0,43.0,51.0,65.0,2018
619,2018-09-12,50.0,76.0,50.0,50.0,43.0,71.0,57.0,31.0,33.0,49.0,2018
620,2018-09-13,65.0,72.0,72.0,79.0,77.0,36.0,37.0,46.0,64.0,71.0,2018
621,2018-09-14,53.0,71.0,45.0,58.0,52.0,70.0,49.0,38.0,46.0,44.0,2018
622,2018-09-15,64.0,79.0,61.0,51.0,45.0,68.0,54.0,19.0,49.0,52.0,2018
623,2018-09-16,57.0,83.0,51.0,50.0,51.0,81.0,65.0,21.0,58.0,33.0,2018
624,2018-09-17,69.0,77.0,45.0,61.0,40.0,78.0,57.0,28.0,52.0,53.0,2018
625,2018-09-18,58.0,82.0,47.0,51.0,45.0,69.0,65.0,34.0,49.0,42.0,2018
626,2018-09-19,61.0,83.0,35.0,61.0,42.0,70.0,57.0,40.0,40.0,45.0,2018
627,2018-09-20,67.0,74.0,56.0,61.0,36.0,63.0,61.0,30.0,29.0,38.0,2018
628,2018-09-21,46.0,67.0,85.0,80.0,70.0,46.0,35.0,37.0,57.0,60.0,2018
629,2018-09-22,58.0,75.0,55.0,56.0,54.0,69.0,68.0,31.0,49.0,43.0,2018
630,2018-09-23,71.0,73.0,50.0,50.0,38.0,79.0,60.0,38.0,42.0,53.0,2018
631,2018-09-24,59.0,67.0,77.0,88.0,82.0,41.0,44.0,47.0,55.0,73.0,2018
632,2018-09-25,67.0,85.0,45.0,49.0,53.0,79.0,56.0,38.0,42.0,31.0,2018
633,2018-09-26,74.0,83.0,52.0,53.0,37.0,81.0,55.0,25.0,44.0,39.0,2018
634,2018-09-27,68.0,86.0,34.0,40.0,56.0,78.0,73.0,31.0,42.0,49.0,2018
635,2018-09-28,60.0,70.0,58.0,54.0,41.0,73.0,57.0,41.0,41.0,35.0,2018
636,2018-09-29,65.0,82.0,46.0,54.0,37.0,60.0,61.0,23.0,47.0,48.0,2018
637,2018-09-30,53.0,73.0,84.0,94.0,69.0,48.0,33.0,33.0,56.0,67.0,2018
638,2018-10-01,61.0,57.0,51.0,54.0,37.0,64.0,72.0,20.0,54.0,49.0,2018
639,2018-10-02,79.0,81.0,50.0,41.0,46.0,78.0,60.0,42.0,51.0,56.0,2018
640,2018-10-03,68.0,75.0,49.0,45.0,46.0,81.0,66.0,30.0,40.0,51.0,2018
641,2018-10-04,71.0,88.0,48.0,64.0,40.0,75.0,57.0,40.0,43.0,46.0,2018
642,2018-10-05,63.0,73.0,56.0,70.0,45.0,68.0,49.0,29.0,55.0,45.0,2018
643,2018-10-06,61.0,92.0,50.0,53.0,45.0,68.0,66.0,25.0,30.0,40.0,2018
644,2018-10-07,72.0,81.0,50.0,50.0,46.0,69.0,54.0,34.0,59.0,42.0,2018
645,2018-10-08,69.0,83.0,44.0,51.0,54.0,66.0,68.0,29.0,39.0,39.0,2018
646,2018-10-09,65.0,80.0,48.0,51.0,41.0,60.0,59.0,36.0,56.0,61.0,2018
647,2018-10-10,58.0,80.0,48.0,39.0,50.0,74.0,65.0,28.0,54.0,45.0,2018
648,2018-10-11,62.0,75.0,40.0,51.0,42.0,88.0,60.0,33.0,42.0,37.0,2018
649,2018-10-12,62.0,71.0,53.0,53.0,35.0,70.0,58.0,30.0,50.0,48.0,2018
650,2018-10-13,65.0,71.0,47.0,50.0,55.0,77.0,65.0,34.0,40.0,42.0,2018
651,2018-10-14,61.0,78.0,48.0,43.0,50.0,74.0,61.0,31.0,41.0,43.0,2018
652,2018-10-15,63.0,80.0,54.0,60.0,34.0,76.0,63.0,45.0,45.0,46.0,2018
653,2018-10-16,65.0,67.0,54.0,50.0,48.0,75.0,61.0,27.0,41.0,44.0,2018
654,2018-10-17,60.0,84.0,53.0,52.0,50.0,76.0,61.0,34.0,42.0,60.0,2018
655,2018-10-18,66.0,70.0,41.0,60.0,52.0,71.0,56.0,27.0,47.0,27.0,2018
656,2018-10-19,50.0,73.0,56.0,48.0,48.0,67.0,61.0,34.0,33.0,47.0,2018
657,2018-10-20,62.0,79.0,43.0,46.0,48.0,82.0,58.0,24.0,44.0,42.0,2018
658,2018-10-21,72.0,60.0,54.0,45.0,56.0,64.0,67.0,29.0,52.0,58.0,2018
659,2018-10-22,52.0,67.0,71.0,91.0,86.0,47.0,34.0,41.0,60.0,71.0,2018
660,2018-10-23,61.0,78.0,53.0,49.0,40.0,70.0,61.0,37.0,45.0,45.0,2018
661,2018-10-24,64.0,65.0,65.0,82.0,68.0,57.0,37.0,36.0,49.0,59.0,2018
662,2018-10-25,61.0,66.0,68.0,79.0,83.0,43.0,31.0,33.0,63.0,69.0,2018
663,2018-10-26,66.0,83.0,66.0,72.0,80.0,42.0,47.0,42.0,51.0,66.0,2018
664,2018-10-27,67.0,82.0,36.0,68.0,51.0,76.0,49.0,22.0,46.0,51.0,2018
665,2018-10-28,65.0,59.0,48.0,44.0,43.0,82.0,61.0,38.0,31.0,41.0,2018
666,2018-10-29,68.0,78.0,53.0,51.0,45.0,73.0,64.0,38.0,50.0,50.0,2018
667,2018-10-30,53.0,80.0,50.0,62.0,37.0,70.0,66.0,36.0,48.0,41.0,2018
668,2018-10-31,62.0,71.0,46.0,46.0,47.0,71.0,76.0,34.0,42.0,33.0,2018
669,2018-11-01,66.0,90.0,51.0,48.0,35.0,73.0,71.0,33.0,43.0,44.0,2018
670,2018-11-02,56.0,60.0,52.0,46.0,35.0,71.0,62.0,39.0,54.0,47.0,2018
671,2018-11-03,66.0,76.0,62.0,58.0,44.0,70.0,60.0,27.0,45.0,44.0,2018
672,2018-11-04,70.0,73.0,51.0,60.0,38.0,77.0,84.0,39.0,53.0,49.0,2018
673,2018-11-05,61.0,68.0,52.0,44.0,51.0,61.0,66.0,27.0,56.0,40.0,2018
674,2018-11-06,67.0,68.0,47.0,49.0,45.0,67.0,70.0,27.0,58.0,41.0,2018
675,2018-11-07,60.0,72.0,53.0,47.0,47.0,75.0,60.0,20.0,42.0,39.0,2018
676,2018-11-08,60.0,80.0,61.0,72.0,66.0,54.0,50.0,37.0,63.0,65.0,2018
677,2018-11-09,67.0,71.0,68.0,81.0,68.0,44.0,36.0,25.0,73.0,67.0,2018
678,2018-11-10,62.0,87.0,52.0,51.0,45.0,63.0,50.0,43.0,48.0,48.0,2018
679,2018-11-11,56.0,70.0,61.0,76.0,65.0,62.0,36.0,47.0,67.0,59.0,2018
680,2018-11-12,64.0,76.0,48.0,52.0,45.0,77.0,61.0,41.0,52.0,48.0,2018
681,2018-11-13,62.0,73.0,46.0,59.0,39.0,65.0,57.0,44.0,50.0,55.0,2018
682,2018-11-14,74.0,75.0,44.0,49.0,36.0,74.0,64.0,34.0,45.0,54.0,2018
683,2018-11-15,68.0,78.0,51.0,54.0,30.0,76.0,55.0,39.0,37.0,52.0,2018
684,2018-11-16,61.0,75.0,54.0,49.0,47.0,70.0,63.0,32.0,47.0,43.0,2018
685,2018-11-17,58.0,79.0,63.0,75.0,75.0,43.0,60.0,34.0,55.0,69.0,2018
686,2018-11-18,53.0,78.0,54.0,57.0,38.0,72.0,60.0,23.0,47.0,29.0,2018
687,2018-11-19,64.0,84.0,54.0,48.0,37.0,71.0,57.0,29.0,40.0,46.0,2018
688,2018-11-20,68.0,68.0,50.0,39.0,38.0,69.0,62.0,19.0,46.0,41.0,2018
689,2018-11-21,48.0,65.0,65.0,75.0,76.0,43.0,36.0,38.0,62.0,61.0,2018
690,2018-11-22,71.0,62.0,48.0,51.0,44.0,65.0,60.0,26.0,53.0,46.0,2018
691,2018-11-23,62.0,75.0,49.0,47.0,41.0,76.0,65.0,33.0,49.0,55.0,2018
692,2018-11-24,64.0,64.0,53.0,45.0,51.0,75.0,54.0,29.0,48.0,53.0,2018
693,2018-11-25,56.0,85.0,55.0,60.0,36.0,80.0,57.0,31.0,33.0,39.0,2018
694,2018-11-26,58.0,79.0,46.0,43.0,39.0,67.0,64.0,41.0,52.0,37.0,2018
695,2018-11-27,56.0,93.0,64.0,52.0,60.0,64.0,65.0,32.0,49.0,42.0,2018
696,2018-11-28,67.0,73.0,50.0,56.0,47.0,87.0,59.0,33.0,45.0,49.0,2018
697,2018-11-29,62.0,75.0,47.0,41.0,56.0,97.0,69.0,38.0,49.0,47.0,2018
698,2018-11-30,56.0,76.0,48.0,65.0,34.0,68.0,65.0,37.0,46.0,42.0,2018
699,2018-12-01,53.0,71.0,41.0,54.0,39.0,74.0,62.0,21.0,47.0,39.0,2018
700,2018-12-02,69.0,81.0,50.0,60.0,37.0,92.0,69.0,30.0,52.0,50.0,2018
701,2018-12-03,66.0,63.0,54.0,57.0,45.0,73.0,57.0,41.0,46.0,49.0,2018
702,2018-12-04,63.0,87.0,50.0,54.0,47.0,63.0,66.0,27.0,32.0,44.0,2018
703,2018-12-05,60.0,71.0,48.0,52.0,41.0,74.0,60.0,33.0,40.0,43.0,2018
704,2018-12-06,63.0,64.0,52.0,49.0,39.0,69.0,52.0,24.0,41.0,45.0,2018
705,2018-12-07,57.0,77.0,65.0,79.0,65.0,34.0,37.0,55.0,62.0,66.0,2018
706,2018-12-08,49.0,64.0,77.0,72.0,77.0,61.0,37.0,43.0,62.0,69.0,2018
707,2018-12-09,64.0,85.0,50.0,57.0,54.0,72.0,61.0,33.0,45.0,41.0,2018
708,2018-12-10,57.0,69.0,55.0,55.0,42.0,75.0,78.0,27.0,39.0,43.0,2018
709,2018-12-11,58.0,72.0,45.0,61.0,53.0,68.0,61.0,20.0,40.0,40.0,2018
710,2018-12-12,61.0,83.0,47.0,54.0,43.0,63.0,68.0,31.0,42.0,49.0,2018
711,2018-12-13,50.0,78.0,52.0,74.0,73.0,50.0,44.0,36.0,47.0,67.0,2018
712,2018-12-14,61.0,92.0,51.0,56.0,49.0,84.0,46.0,46.0,54.0,46.0,2018
713,2018-12-15,50.0,74.0,75.0,77.0,60.0,44.0,41.0,31.0,56.0,63.0,2018
714,2018-12-16,67.0,80.0,50.0,51.0,42.0,68.0,68.0,39.0,39.0,32.0,2018
715,2018-12-17,62.0,76.0,41.0,55.0,43.0,73.0,73.0,33.0,46.0,41.0,2018
716,2018-12-18,72.0,57.0,47.0,54.0,42.0,77.0,67.0,37.0,32.0,50.0,2018
717,2018-12-19,84.0,69.0,48.0,56.0,40.0,66.0,67.0,32.0,37.0,43.0,2018
718,2018-12-20,72.0,75.0,78.0,86.0,64.0,50.0,47.0,45.0,56.0,54.0,2018
719,2018-12-21,53.0,80.0,69.0,81.0,80.0,44.0,46.0,41.0,54.0,79.0,2018
720,2018-12-22,72.0,80.0,31.0,46.0,35.0,77.0,60.0,46.0,40.0,71.0,2018
721,2018-12-23,55.0,68.0,49.0,52.0,39.0,74.0,73.0,38.0,52.0,58.0,2018
722,2018-12-24,52.0,71.0,75.0,87.0,46.0,42.0,47.0,39.0,63.0,61.0,2018
723,2018-12-25,66.0,78.0,52.0,45.0,40.0,72.0,60.0,42.0,41.0,52.0,2018
724,2018-12-26,75.0,75.0,67.0,59.0,45.0,72.0,64.0,36.0,42.0,43.0,2018
725,2018-12-27,45.0,89.0,51.0,45.0,34.0,65.0,63.0,31.0,39.0,48.0,2018
726,2018-12-28,64.0,80.0,54.0,54.0,43.0,83.0,61.0,33.0,52.0,57.0,2018
727,2018-12-29,43.0,78.0,70.0,74.0,82.0,42.0,46.0,30.0,57.0,66.0,2018
728,2018-12-30,65.0,73.0,65.0,84.0,80.0,45.0,46.0,38.0,62.0,55.0,2018
729,2018-12-31,74.0,73.0,46.0,63.0,48.0,66.0,59.0,38.0,40.0,39.0,2018
730,2019-01-01,62.0,66.0,31.0,59.0,43.0,73.0,52.0,31.0,48.0,51.0,2019
731,2019-01-02,48.0,81.0,62.0,85.0,75.0,42.0,43.0,38.0,53.0,72.0,2019
732,2019-01-03,71.0,67.0,55.0,47.0,33.0,70.0,50.0,34.0,42.0,43.0,2019
733,2019-01-04,65.0,83.0,41.0,58.0,42.0,63.0,61.0,45.0,43.0,34.0,2019
734,2019-01-05,57.0,68.0,49.0,53.0,44.0,71.0,66.0,11.0,47.0,38.0,2019
735,2019-01-06,57.0,68.0,31.0,51.0,44.0,71.0,67.0,31.0,61.0,42.0,2019
736,2019-01-07,60.0,63.0,74.0,92.0,64.0,44.0,42.0,57.0,66.0,67.0,2019
737,2019-01-08,49.0,77.0,55.0,58.0,46.0,66.0,68.0,44.0,40.0,40.0,2019
738,2019-01-09,65.0,75.0,43.0,43.0,47.0,75.0,69.0,40.0,36.0,55.0,2019
739,2019-01-10,61.0,71.0,55.0,35.0,40.0,77.0,58.0,38.0,53.0,47.0,2019
740,2019-01-11,58.0,78.0,54.0,50.0,43.0,65.0,64.0,30.0,47.0,52.0,2019
741,2019-01-12,62.0,66.0,82.0,86.0,73.0,56.0,44.0,45.0,71.0,73.0,2019
742,2019-01-13,61.0,97.0,55.0,60.0,52.0,84.0,68.0,25.0,40.0,41.0,2019
743,2019-01-14,50.0,74.0,74.0,69.0,79.0,44.0,45.0,31.0,69.0,59.0,2019
744,2019-01-15,72.0,72.0,36.0,64.0,40.0,77.0,60.0,30.0,31.0,49.0,2019
745,2019-01-16,69.0,83.0,46.0,49.0,52.0,73.0,64.0,24.0,49.0,49.0,2019
746,2019-01-17,47.0,82.0,42.0,48.0,45.0,63.0,57.0,18.0,42.0,34.0,2019
747,2019-01-18,63.0,71.0,71.0,73.0,69.0,58.0,52.0,43.0,63.0,55.0,2019
748,2019-01-19,56.0,72.0,44.0,47.0,51.0,71.0,61.0,39.0,44.0,45.0,2019
749,2019-01-20,52.0,80.0,45.0,48.0,44.0,64.0,65.0,27.0,43.0,42.0,2019
750,2019-01-21,65.0,78.0,33.0,39.0,43.0,80.0,63.0,34.0,46.0,52.0,2019
751,2019-01-22,64.0,78.0,49.0,44.0,42.0,78.0,61.0,35.0,48.0,42.0,2019
752,2019-01-23,61.0,76.0,39.0,60.0,29.0,68.0,72.0,31.0,48.0,54.0,2019
753,2019-01-24,73.0,93.0,37.0,67.0,39.0,70.0,45.0,31.0,49.0,34.0,2019
754,2019-01-25,70.0,69.0,53.0,54.0,44.0,81.0,66.0,29.0,45.0,47.0,2019
755,2019-01-26,53.0,69.0,66.0,71.0,83.0,37.0,36.0,32.0,66.0,59.0,2019
756,2019-01-27,52.0,79.0,51.0,51.0,46.0,72.0,57.0,28.0,43.0,46.0,2019
757,2019-01-28,57.0,78.0,59.0,50.0,54.0,70.0,60.0,42.0,48.0,49.0,2019
758,2019-01-29,76.0,67.0,66.0,72.0,69.0,50.0,33.0,53.0,62.0,82.0,2019
759,2019-01-30,60.0,69.0,41.0,52.0,39.0,93.0,61.0,37.0,43.0,47.0,2019
760,2019-01-31,69.0,82.0,69.0,61.0,47.0,80.0,60.0,30.0,47.0,46.0,2019
761,2019-02-01,69.0,73.0,54.0,62.0,44.0,67.0,59.0,20.0,46.0,38.0,2019
762,2019-02-02,81.0,76.0,56.0,53.0,47.0,76.0,55.0,42.0,38.0,39.0,2019
763,2019-02-03,70.0,74.0,53.0,55.0,46.0,69.0,57.0,36.0,45.0,46.0,2019
764,2019-02-04,67.0,86.0,47.0,41.0,36.0,64.0,61.0,20.0,42.0,51.0,2019
765,2019-02-05,66.0,68.0,47.0,55.0,33.0,78.0,61.0,26.0,44.0,43.0,2019
766,2019-02-06,49.0,77.0,49.0,55.0,43.0,81.0,65.0,24.0,45.0,50.0,2019
767,2019-02-07,79.0,87.0,32.0,60.0,45.0,70.0,71.0,30.0,40.0,45.0,2019
768,2019-02-08,64.0,76.0,50.0,44.0,42.0,59.0,68.0,24.0,44.0,46.0,2019
769,2019-02-09,69.0,74.0,54.0,64.0,46.0,77.0,71.0,27.0,45.0,48.0,2019
770,2019-02-10,61.0,78.0,49.0,56.0,45.0,74.0,57.0,32.0,47.0,40.0,2019
771,2019-02-11,57.0,80.0,55.0,61.0,37.0,73.0,55.0,34.0,51.0,43.0,2019
772,2019-02-12,63.0,74.0,52.0,59.0,30.0,71.0,55.0,23.0,44.0,38.0,2019
773,2019-02-13,53.0,83.0,50.0,55.0,41.0,67.0,56.0,42.0,36.0,42.0,2019
774,2019-02-14,53.0,76.0,47.0,55.0,56.0,71.0,43.0,35.0,41.0,58.0,2019
775,2019-02-15,65.0,74.0,41.0,36.0,48.0,71.0,64.0,37.0,56.0,49.0,2019
776,2019-02-16,63.0,71.0,49.0,49.0,51.0,76.0,54.0,28.0,35.0,45.0,2019
777,2019-02-17,56.0,79.0,51.0,54.0,37.0,72.0,51.0,35.0,44.0,41.0,2019
778,2019-02-18,69.0,84.0,60.0,58.0,44.0,72.0,64.0,31.0,47.0,54.0,2019
779,2019-02-19,55.0,64.0,77.0,84.0,88.0,45.0,36.0,41.0,68.0,69.0,2019
780,2019-02-20,63.0,76.0,47.0,49.0,54.0,70.0,61.0,35.0,45.0,48.0,2019
781,2019-02-21,54.0,75.0,56.0,53.0,46.0,81.0,53.0,44.0,45.0,39.0,2019
782,2019-02-22,75.0,71.0,65.0,54.0,46.0,59.0,65.0,42.0,49.0,39.0,2019
783,2019-02-23,65.0,70.0,40.0,55.0,45.0,71.0,56.0,39.0,53.0,48.0,2019
784,2019-02-24,68.0,66.0,61.0,40.0,46.0,78.0,58.0,33.0,50.0,45.0,2019
785,2019-02-25,60.0,63.0,86.0,76.0,70.0,34.0,51.0,47.0,65.0,64.0,2019
786,2019-02-26,70.0,70.0,50.0,66.0,46.0,80.0,60.0,29.0,54.0,44.0,2019
787,2019-02-27,59.0,75.0,44.0,54.0,53.0,61.0,55.0,29.0,33.0,48.0,2019
788,2019-02-28,68.0,65.0,48.0,39.0,41.0,67.0,63.0,29.0,52.0,48.0,2019
789,2019-03-01,54.0,76.0,47.0,54.0,47.0,72.0,60.0,25.0,41.0,47.0,2019
790,2019-03-02,52.0,65.0,67.0,75.0,73.0,52.0,41.0,47.0,70.0,64.0,2019
791,2019-03-03,65.0,78.0,40.0,58.0,45.0,77.0,55.0,38.0,39.0,40.0,2019
792,2019-03-04,76.0,77.0,51.0,55.0,48.0,71.0,50.0,44.0,49.0,56.0,2019
793,2019-03-05,68.0,82.0,50.0,46.0,33.0,84.0,64.0,29.0,43.0,42.0,2019
794,2019-03-06,76.0,78.0,42.0,67.0,52.0,70.0,61.0,24.0,49.0,49.0,2019
795,2019-03-07,58.0,72.0,75.0,78.0,66.0,53.0,28.0,28.0,47.0,68.0,2019
796,2019-03-08,58.0,83.0,60.0,48.0,37.0,72.0,55.0,35.0,29.0,51.0,2019
797,2019-03-09,60.0,79.0,45.0,58.0,44.0,61.0,62.0,29.0,52.0,53.0,2019
798,2019-03-10,70.0,73.0,57.0,49.0,32.0,66.0,58.0,24.0,47.0,50.0,2019
799,2019-03-11,59.0,68.0,45.0,46.0,52.0,81.0,51.0,43.0,63.0,50.0,2019
800,2019-03-12,54.0,76.0,41.0,56.0,41.0,64.0,55.0,31.0,45.0,40.0,2019
801,2019-03-13,57.0,72.0,43.0,73.0,49.0,83.0,52.0,25.0,48.0,23.0,2019
802,2019-03-14,51.0,72.0,64.0,85.0,79.0,48.0,50.0,27.0,64.0,44.0,2019
803,2019-03-15,74.0,71.0,58.0,54.0,54.0,73.0,71.0,46.0,38.0,50.0,2019
804,2019-03-16,68.0,64.0,68.0,97.0,80.0,44.0,40.0,34.0,69.0,68.0,2019
805,2019-03-17,59.0,75.0,58.0,49.0,38.0,77.0,53.0,26.0,47.0,45.0,2019
806,2019-03-18,51.0,92.0,53.0,60.0,56.0,81.0,60.0,33.0,55.0,38.0,2019
807,2019-03-19,70.0,74.0,30.0,53.0,46.0,90.0,64.0,33.0,44.0,56.0,2019
808,2019-03-20,75.0,77.0,42.0,55.0,48.0,67.0,62.0,47.0,43.0,36.0,2019
809,2019-03-21,57.0,65.0,32.0,54.0,45.0,76.0,56.0,31.0,51.0,46.0,2019
810,2019-03-22,57.0,76.0,53.0,43.0,62.0,75.0,70.0,31.0,42.0,33.0,2019
811,2019-03-23,58.0,73.0,43.0,53.0,52.0,73.0,57.0,32.0,43.0,48.0,2019
812,2019-03-24,68.0,73.0,73.0,93.0,84.0,47.0,21.0,42.0,59.0,58.0,2019
813,2019-03-25,52.0,81.0,51.0,59.0,44.0,73.0,58.0,26.0,46.0,39.0,2019
814,2019-03-26,78.0,77.0,58.0,50.0,47.0,65.0,66.0,29.0,37.0,43.0,2019
815,2019-03-27,73.0,88.0,56.0,56.0,41.0,86.0,56.0,27.0,54.0,44.0,2019
816,2019-03-28,60.0,61.0,71.0,67.0,82.0,54.0,48.0,33.0,74.0,60.0,2019
817,2019-03-29,58.0,81.0,59.0,47.0,50.0,91.0,64.0,27.0,38.0,47.0,2019
818,2019-03-30,62.0,69.0,53.0,44.0,40.0,75.0,61.0,44.0,47.0,42.0,2019
819,2019-03-31,67.0,84.0,42.0,64.0,47.0,66.0,59.0,25.0,44.0,33.0,2019
820,2019-04-01,87.0,79.0,57.0,43.0,41.0,76.0,65.0,24.0,47.0,45.0,2019
821,2019-04-02,60.0,76.0,47.0,65.0,44.0,77.0,62.0,48.0,62.0,50.0,2019
822,2019-04-03,52.0,82.0,43.0,69.0,47.0,74.0,54.0,27.0,45.0,46.0,2019
823,2019-04-04,56.0,73.0,47.0,54.0,31.0,78.0,62.0,41.0,48.0,60.0,2019
824,2019-04-05,68.0,89.0,49.0,43.0,32.0,76.0,52.0,25.0,50.0,45.0,2019
825,2019-04-06,60.0,75.0,57.0,47.0,48.0,69.0,57.0,30.0,35.0,36.0,2019
826,2019-04-07,81.0,84.0,58.0,43.0,51.0,76.0,70.0,35.0,33.0,56.0,2019
827,2019-04-08,66.0,79.0,46.0,66.0,44.0,79.0,58.0,31.0,49.0,46.0,2019
828,2019-04-09,57.0,73.0,59.0,54.0,76.0,43.0,29.0,34.0,80.0,72.0,2019
829,2019-04-10,58.0,80.0,74.0,64.0,73.0,30.0,41.0,35.0,50.0,65.0,2019
830,2019-04-11,55.0,91.0,72.0,54.0,81.0,39.0,37.0,43.0,67.0,70.0,2019
831,2019-04-12,44.0,73.0,51.0,73.0,70.0,48.0,54.0,43.0,68.0,65.0,2019
832,2019-04-13,65.0,79.0,55.0,44.0,49.0,77.0,60.0,31.0,54.0,46.0,2019
833,2019-04-14,70.0,68.0,42.0,51.0,43.0,67.0,56.0,32.0,44.0,38.0,2019
834,2019-04-15,59.0,81.0,78.0,63.0,70.0,41.0,43.0,34.0,63.0,64.0,2019
835,2019-04-16,58.0,79.0,57.0,65.0,47.0,71.0,56.0,19.0,53.0,46.0,2019
836,2019-04-17,69.0,65.0,58.0,87.0,81.0,50.0,40.0,33.0,45.0,72.0,2019
837,2019-04-18,63.0,75.0,56.0,44.0,28.0,75.0,55.0,33.0,38.0,41.0,2019
838,2019-04-19,80.0,69.0,53.0,59.0,29.0,78.0,60.0,51.0,38.0,36.0,2019
839,2019-04-20,50.0,82.0,78.0,70.0,73.0,53.0,33.0,46.0,63.0,58.0,2019
840,2019-04-21,70.0,57.0,68.0,97.0,84.0,54.0,37.0,37.0,59.0,66.0,2019
841,2019-04-22,54.0,72.0,44.0,49.0,39.0,78.0,63.0,22.0,48.0,46.0,2019
842,2019-04-23,66.0,75.0,52.0,47.0,49.0,68.0,59.0,45.0,46.0,53.0,2019
843,2019-04-24,79.0,83.0,51.0,48.0,54.0,81.0,57.0,41.0,42.0,54.0,2019
844,2019-04-25,54.0,74.0,47.0,60.0,40.0,71.0,55.0,36.0,59.0,43.0,2019
845,2019-04-26,65.0,79.0,49.0,54.0,36.0,72.0,63.0,28.0,50.0,42.0,2019
846,2019-04-27,74.0,70.0,43.0,51.0,43.0,76.0,62.0,20.0,41.0,33.0,2019
847,2019-04-28,55.0,79.0,42.0,47.0,54.0,81.0,45.0,28.0,45.0,46.0,2019
848,2019-04-29,61.0,82.0,50.0,50.0,35.0,70.0,60.0,22.0,46.0,40.0,2019
849,2019-04-30,60.0,94.0,51.0,58.0,51.0,75.0,56.0,21.0,35.0,53.0,2019
850,2019-05-01,50.0,66.0,74.0,71.0,72.0,51.0,26.0,35.0,55.0,67.0,2019
851,2019-05-02,58.0,71.0,71.0,79.0,73.0,42.0,29.0,31.0,67.0,69.0,2019
852,2019-05-03,49.0,89.0,46.0,53.0,38.0,61.0,62.0,26.0,49.0,33.0,2019
853,2019-05-04,67.0,77.0,50.0,57.0,43.0,84.0,62.0,22.0,37.0,40.0,2019
854,2019-05-05,64.0,83.0,47.0,61.0,39.0,76.0,75.0,33.0,42.0,52.0,2019
855,2019-05-06,49.0,61.0,78.0,71.0,82.0,52.0,51.0,45.0,63.0,67.0,2019
856,2019-05-07,57.0,77.0,44.0,51.0,53.0,77.0,63.0,34.0,55.0,38.0,2019
857,2019-05-08,74.0,84.0,48.0,56.0,47.0,73.0,56.0,25.0,40.0,48.0,2019
858,2019-05-09,80.0,60.0,72.0,70.0,65.0,53.0,43.0,51.0,72.0,65.0,2019
859,2019-05-10,54.0,63.0,67.0,75.0,73.0,46.0,58.0,51.0,59.0,66.0,2019
860,2019-05-11,68.0,74.0,48.0,57.0,21.0,65.0,65.0,30.0,50.0,62.0,2019
861,2019-05-12,51.0,74.0,59.0,75.0,70.0,39.0,39.0,36.0,58.0,71.0,2019
862,2019-05-13,52.0,73.0,53.0,54.0,55.0,84.0,60.0,22.0,54.0,63.0,2019
863,2019-05-14,69.0,74.0,51.0,50.0,50.0,75.0,62.0,31.0,45.0,53.0,2019
864,2019-05-15,62.0,85.0,46.0,59.0,37.0,62.0,67.0,37.0,42.0,49.0,2019
865,2019-05-16,57.0,71.0,51.0,65.0,41.0,74.0,72.0,25.0,42.0,39.0,2019
866,2019-05-17,67.0,95.0,61.0,60.0,36.0,74.0,60.0,29.0,49.0,36.0,2019
867,2019-05-18,71.0,78.0,48.0,58.0,43.0,63.0,57.0,39.0,33.0,40.0,2019
868,2019-05-19,53.0,79.0,51.0,49.0,41.0,73.0,61.0,32.0,33.0,56.0,2019
869,2019-05-20,65.0,72.0,68.0,86.0,88.0,38.0,39.0,35.0,73.0,78.0,2019
870,2019-05-21,57.0,70.0,69.0,87.0,74.0,42.0,38.0,39.0,58.0,72.0,2019
871,2019-05-22,58.0,58.0,67.0,74.0,46.0,52.0,38.0,27.0,57.0,70.0,2019
872,2019-05-23,56.0,66.0,50.0,55.0,45.0,75.0,63.0,25.0,36.0,43.0,2019
873,2019-05-24,53.0,75.0,38.0,50.0,36.0,63.0,57.0,17.0,46.0,53.0,2019
874,2019-05-25,83.0,78.0,41.0,47.0,50.0,74.0,60.0,41.0,42.0,39.0,2019
875,2019-05-26,65.0,67.0,40.0,49.0,36.0,75.0,68.0,29.0,45.0,61.0,2019
876,2019-05-27,59.0,71.0,55.0,48.0,55.0,80.0,56.0,25.0,41.0,45.0,2019
877,2019-05-28,70.0,80.0,55.0,57.0,53.0,76.0,63.0,31.0,46.0,48.0,2019
878,2019-05-29,63.0,73.0,45.0,63.0,46.0,65.0,68.0,32.0,58.0,43.0,2019
879,2019-05-30,57.0,71.0,61.0,72.0,64.0,53.0,46.0,51.0,59.0,67.0,2019
880,2019-05-31,47.0,71.0,63.0,77.0,69.0,64.0,37.0,33.0,64.0,90.0,2019
881,2019-06-01,63.0,66.0,63.0,53.0,41.0,73.0,52.0,27.0,50.0,37.0,2019
882,2019-06-02,73.0,71.0,55.0,53.0,36.0,72.0,67.0,34.0,49.0,44.0,2019
883,2019-06-03,53.0,66.0,71.0,73.0,67.0,50.0,34.0,50.0,68.0,79.0,2019
884,2019-06-04,61.0,76.0,39.0,60.0,40.0,67.0,63.0,34.0,42.0,46.0,2019
885,2019-06-05,52.0,81.0,52.0,53.0,58.0,75.0,66.0,12.0,49.0,40.0,2019
886,2019-06-06,65.0,82.0,54.0,54.0,38.0,77.0,70.0,41.0,50.0,50.0,2019
887,2019-06-07,44.0,72.0,53.0,51.0,44.0,84.0,61.0,28.0,43.0,43.0,2019
888,2019-06-08,54.0,71.0,75.0,86.0,75.0,46.0,44.0,41.0,64.0,65.0,2019
889,2019-06-09,72.0,79.0,49.0,38.0,47.0,90.0,60.0,31.0,40.0,54.0,2019
890,2019-06-10,69.0,69.0,49.0,58.0,35.0,73.0,53.0,25.0,42.0,53.0,2019
891,2019-06-11,52.0,61.0,53.0,78.0,81.0,44.0,36.0,39.0,58.0,72.0,2019
892,2019-06-12,61.0,78.0,59.0,47.0,48.0,79.0,60.0,35.0,44.0,69.0,2019
893,2019-06-13,66.0,85.0,35.0,50.0,45.0,75.0,60.0,50.0,40.0,53.0,2019
894,2019-06-14,60.0,86.0,46.0,54.0,47.0,84.0,67.0,28.0,49.0,52.0,2019
895,2019-06-15,56.0,73.0,54.0,56.0,43.0,74.0,65.0,44.0,59.0,45.0,2019
896,2019-06-16,59.0,80.0,46.0,54.0,49.0,75.0,58.0,23.0,41.0,51.0,2019
897,2019-06-17,65.0,74.0,52.0,45.0,47.0,67.0,67.0,37.0,43.0,49.0,2019
898,2019-06-18,52.0,59.0,59.0,79.0,63.0,44.0,35.0,44.0,62.0,57.0,2019
899,2019-06-19,64.0,83.0,50.0,53.0,47.0,66.0,60.0,29.0,47.0,53.0,2019
900,2019-06-20,71.0,76.0,40.0,45.0,50.0,80.0,63.0,23.0,41.0,41.0,2019
901,2019-06-21,64.0,79.0,60.0,48.0,45.0,69.0,62.0,30.0,55.0,44.0,2019
902,2019-06-22,56.0,67.0,44.0,57.0,42.0,81.0,60.0,43.0,42.0,45.0,2019
903,2019-06-23,61.0,75.0,57.0,43.0,38.0,75.0,67.0,22.0,51.0,32.0,2019
904,2019-06-24,57.0,89.0,49.0,46.0,43.0,81.0,60.0,29.0,31.0,44.0,2019
905,2019-06-25,67.0,69.0,40.0,47.0,59.0,78.0,56.0,30.0,53.0,55.0,2019
906,2019-06-26,72.0,73.0,33.0,56.0,43.0,69.0,69.0,32.0,42.0,50.0,2019
907,2019-06-27,62.0,66.0,75.0,80.0,74.0,50.0,39.0,36.0,70.0,71.0,2019
908,2019-06-28,51.0,74.0,51.0,79.0,78.0,41.0,46.0,16.0,65.0,64.0,2019
909,2019-06-29,55.0,74.0,72.0,78.0,88.0,49.0,49.0,37.0,56.0,65.0,2019
910,2019-06-30,55.0,90.0,56.0,62.0,38.0,66.0,56.0,33.0,59.0,49.0,2019
911,2019-07-01,65.0,70.0,69.0,67.0,74.0,46.0,34.0,35.0,63.0,73.0,2019
912,2019-07-02,75.0,71.0,49.0,49.0,54.0,78.0,72.0,29.0,44.0,53.0,2019
913,2019-07-03,52.0,65.0,53.0,49.0,55.0,74.0,59.0,29.0,54.0,49.0,2019
914,2019-07-04,60.0,70.0,57.0,54.0,53.0,68.0,49.0,42.0,33.0,43.0,2019
915,2019-07-05,56.0,79.0,56.0,62.0,51.0,61.0,67.0,28.0,38.0,48.0,2019
916,2019-07-06,69.0,84.0,40.0,42.0,43.0,80.0,65.0,32.0,49.0,38.0,2019
917,2019-07-07,62.0,81.0,51.0,55.0,61.0,93.0,56.0,32.0,29.0,52.0,2019
918,2019-07-08,63.0,72.0,45.0,45.0,39.0,80.0,54.0,35.0,54.0,37.0,2019
919,2019-07-09,69.0,72.0,60.0,54.0,44.0,70.0,67.0,33.0,45.0,61.0,2019
920,2019-07-10,57.0,77.0,57.0,55.0,42.0,65.0,67.0,26.0,37.0,49.0,2019
921,2019-07-11,57.0,79.0,57.0,53.0,46.0,70.0,73.0,29.0,41.0,46.0,2019
922,2019-07-12,52.0,67.0,70.0,88.0,85.0,52.0,36.0,51.0,45.0,72.0,2019
923,2019-07-13,76.0,68.0,56.0,71.0,48.0,61.0,55.0,30.0,40.0,42.0,2019
924,2019-07-14,62.0,69.0,55.0,48.0,49.0,76.0,62.0,32.0,36.0,48.0,2019
925,2019-07-15,62.0,71.0,44.0,52.0,36.0,79.0,52.0,35.0,55.0,40.0,2019
926,2019-07-16,61.0,89.0,60.0,50.0,57.0,73.0,64.0,29.0,45.0,43.0,2019
927,2019-07-17,75.0,77.0,53.0,59.0,35.0,74.0,57.0,37.0,43.0,48.0,2019
928,2019-07-18,49.0,52.0,63.0,69.0,65.0,49.0,36.0,40.0,58.0,72.0,2019
929,2019-07-19,58.0,69.0,40.0,61.0,45.0,64.0,61.0,36.0,33.0,45.0,2019
930,2019-07-20,58.0,75.0,54.0,58.0,48.0,78.0,66.0,37.0,38.0,47.0,2019
931,2019-07-21,67.0,82.0,45.0,54.0,46.0,68.0,72.0,28.0,40.0,46.0,2019
932,2019-07-22,47.0,65.0,44.0,52.0,53.0,58.0,68.0,31.0,53.0,47.0,2019
933,2019-07-23,71.0,78.0,57.0,50.0,38.0,85.0,65.0,32.0,45.0,45.0,2019
934,2019-07-24,59.0,95.0,56.0,51.0,41.0,70.0,60.0,43.0,46.0,39.0,2019
935,2019-07-25,52.0,80.0,66.0,77.0,75.0,42.0,39.0,42.0,70.0,72.0,2019
936,2019-07-26,66.0,70.0,45.0,58.0,51.0,69.0,66.0,40.0,45.0,52.0,2019
937,2019-07-27,58.0,81.0,48.0,51.0,55.0,75.0,59.0,21.0,55.0,51.0,2019
938,2019-07-28,58.0,60.0,75.0,69.0,71.0,35.0,48.0,45.0,62.0,68.0,2019
939,2019-07-29,68.0,83.0,50.0,50.0,44.0,74.0,67.0,23.0,49.0,48.0,2019
940,2019-07-30,56.0,84.0,55.0,46.0,34.0,74.0,69.0,34.0,49.0,62.0,2019
941,2019-07-31,71.0,78.0,55.0,60.0,47.0,61.0,65.0,33.0,47.0,34.0,2019
942,2019-08-01,51.0,70.0,65.0,96.0,77.0,48.0,38.0,27.0,54.0,48.0,2019
943,2019-08-02,62.0,78.0,51.0,47.0,40.0,85.0,53.0,36.0,60.0,64.0,2019
944,2019-08-03,64.0,58.0,51.0,42.0,47.0,69.0,55.0,33.0,48.0,56.0,2019
945,2019-08-04,54.0,84.0,58.0,50.0,54.0,65.0,67.0,42.0,44.0,36.0,2019
946,2019-08-05,73.0,71.0,62.0,77.0,69.0,38.0,28.0,28.0,69.0,59.0,2019
947,2019-08-06,57.0,75.0,46.0,52.0,42.0,68.0,59.0,33.0,46.0,33.0,2019
948,2019-08-07,50.0,60.0,80.0,88.0,77.0,45.0,26.0,25.0,68.0,63.0,2019
949,2019-08-08,57.0,62.0,60.0,72.0,72.0,61.0,35.0,31.0,63.0,60.0,2019
950,2019-08-09,61.0,76.0,48.0,62.0,52.0,61.0,73.0,33.0,48.0,42.0,2019
951,2019-08-10,54.0,79.0,57.0,52.0,48.0,76.0,67.0,34.0,46.0,41.0,2019
952,2019-08-11,69.0,73.0,37.0,53.0,41.0,70.0,83.0,37.0,53.0,41.0,2019
953,2019-08-12,64.0,75.0,55.0,53.0,36.0,65.0,65.0,47.0,37.0,40.0,2019
954,2019-08-13,63.0,78.0,33.0,53.0,50.0,71.0,58.0,25.0,43.0,43.0,2019
955,2019-08-14,83.0,65.0,46.0,54.0,41.0,68.0,61.0,26.0,46.0,60.0,2019
956,2019-08-15,60.0,79.0,56.0,55.0,43.0,67.0,58.0,34.0,53.0,40.0,2019
957,2019-08-16,58.0,76.0,46.0,49.0,44.0,81.0,48.0,39.0,48.0,46.0,2019
958,2019-08-17,60.0,70.0,71.0,80.0,78.0,56.0,36.0,34.0,58.0,72.0,2019
959,2019-08-18,56.0,72.0,71.0,85.0,82.0,34.0,36.0,27.0,57.0,73.0,2019
960,2019-08-19,60.0,72.0,71.0,86.0,78.0,42.0,36.0,34.0,62.0,72.0,2019
961,2019-08-20,73.0,76.0,48.0,48.0,49.0,80.0,52.0,26.0,48.0,48.0,2019
962,2019-08-21,51.0,70.0,40.0,58.0,47.0,89.0,70.0,33.0,42.0,48.0,2019
963,2019-08-22,61.0,81.0,47.0,50.0,49.0,67.0,51.0,20.0,33.0,50.0,2019
964,2019-08-23,59.0,67.0,50.0,60.0,47.0,83.0,63.0,28.0,44.0,43.0,2019
965,2019-08-24,61.0,68.0,41.0,50.0,38.0,72.0,67.0,21.0,50.0,47.0,2019
966,2019-08-25,65.0,81.0,40.0,66.0,43.0,71.0,55.0,38.0,50.0,52.0,2019
967,2019-08-26,66.0,80.0,52.0,55.0,35.0,76.0,55.0,31.0,45.0,47.0,2019
968,2019-08-27,62.0,67.0,64.0,75.0,76.0,39.0,35.0,32.0,52.0,61.0,2019
969,2019-08-28,61.0,81.0,55.0,47.0,45.0,82.0,43.0,33.0,52.0,43.0,2019
970,2019-08-29,54.0,75.0,46.0,54.0,47.0,76.0,64.0,27.0,34.0,39.0,2019
971,2019-08-30,57.0,82.0,85.0,76.0,75.0,47.0,34.0,31.0,60.0,73.0,2019
972,2019-08-31,63.0,71.0,62.0,68.0,33.0,80.0,74.0,32.0,53.0,41.0,2019
973,2019-09-01,68.0,74.0,54.0,45.0,46.0,84.0,67.0,26.0,43.0,45.0,2019
974,2019-09-02,63.0,80.0,58.0,42.0,49.0,62.0,65.0,28.0,48.0,43.0,2019
975,2019-09-03,62.0,73.0,53.0,51.0,45.0,66.0,59.0,32.0,49.0,36.0,2019
976,2019-09-04,59.0,72.0,47.0,57.0,40.0,86.0,63.0,24.0,50.0,44.0,2019
977,2019-09-05,64.0,76.0,41.0,55.0,48.0,71.0,70.0,44.0,36.0,50.0,2019
978,2019-09-06,67.0,89.0,48.0,53.0,37.0,86.0,56.0,30.0,54.0,29.0,2019
979,2019-09-07,54.0,80.0,70.0,84.0,71.0,53.0,49.0,24.0,62.0,62.0,2019
980,2019-09-08,63.0,73.0,55.0,53.0,47.0,74.0,69.0,38.0,49.0,41.0,2019
981,2019-09-09,56.0,67.0,67.0,81.0,67.0,47.0,50.0,35.0,62.0,60.0,2019
982,2019-09-10,56.0,74.0,51.0,51.0,52.0,70.0,61.0,37.0,46.0,38.0,2019
983,2019-09-11,53.0,81.0,50.0,57.0,57.0,84.0,65.0,27.0,37.0,51.0,2019
984,2019-09-12,56.0,62.0,47.0,51.0,53.0,77.0,63.0,30.0,41.0,38.0,2019
985,2019-09-13,63.0,76.0,53.0,52.0,41.0,75.0,75.0,35.0,37.0,29.0,2019
986,2019-09-14,67.0,62.0,69.0,82.0,75.0,53.0,50.0,41.0,49.0,67.0,2019
987,2019-09-15,52.0,75.0,36.0,59.0,43.0,64.0,67.0,28.0,52.0,47.0,2019
988,2019-09-16,61.0,66.0,46.0,59.0,52.0,76.0,60.0,46.0,41.0,47.0,2019
989,2019-09-17,68.0,73.0,63.0,86.0,79.0,52.0,39.0,42.0,59.0,61.0,2019
990,2019-09-18,71.0,62.0,58.0,49.0,41.0,81.0,65.0,39.0,50.0,54.0,2019
991,2019-09-19,57.0,77.0,76.0,77.0,77.0,58.0,44.0,45.0,70.0,68.0,2019
992,2019-09-20,61.0,81.0,58.0,62.0,47.0,73.0,69.0,25.0,50.0,48.0,2019
993,2019-09-21,53.0,77.0,72.0,81.0,73.0,50.0,22.0,29.0,57.0,70.0,2019
994,2019-09-22,62.0,81.0,44.0,55.0,48.0,76.0,54.0,36.0,38.0,36.0,2019
995,2019-09-23,66.0,83.0,39.0,44.0,46.0,80.0,67.0,26.0,50.0,43.0,2019
996,2019-09-24,57.0,83.0,53.0,43.0,45.0,77.0,61.0,38.0,34.0,44.0,2019
997,2019-09-25,64.0,73.0,42.0,54.0,49.0,75.0,63.0,28.0,43.0,51.0,2019
998,2019-09-26,57.0,82.0,49.0,48.0,52.0,72.0,67.0,20.0,46.0,40.0,2019
999,2019-09-27,68.0,68.0,53.0,41.0,45.0,81.0,65.0,21.0,44.0,39.0,2019
1000,2019-09-28,47.0,68.0,62.0,85.0,71.0,53.0,27.0,20.0,55.0,65.0,2019
1001,2019-09-29,59.0,68.0,57.0,53.0,43.0,61.0,69.0,38.0,40.0,43.0,2019
1002,2019-09-30,56.0,68.0,48.0,49.0,50.0,64.0,57.0,35.0,53.0,51.0,2019
1003,2019-10-01,62.0,84.0,48.0,54.0,40.0,61.0,57.0,39.0,54.0,47.0,2019
1004,2019-10-02,70.0,65.0,54.0,51.0,44.0,69.0,56.0,30.0,33.0,46.0,2019
1005,2019-10-03,61.0,67.0,51.0,56.0,47.0,65.0,67.0,26.0,46.0,50.0,2019
1006,2019-10-04,58.0,68.0,76.0,81.0,68.0,44.0,43.0,35.0,69.0,64.0,2019
1007,2019-10-05,63.0,80.0,53.0,42.0,43.0,86.0,62.0,36.0,35.0,48.0,2019
1008,2019-10-06,66.0,76.0,44.0,50.0,56.0,87.0,59.0,27.0,54.0,40.0,2019
1009,2019-10-07,68.0,79.0,37.0,50.0,37.0,63.0,54.0,29.0,53.0,48.0,2019
1010,2019-10-08,67.0,79.0,43.0,54.0,44.0,70.0,60.0,32.0,49.0,38.0,2019
1011,2019-10-09,55.0,77.0,54.0,84.0,69.0,38.0,31.0,41.0,68.0,75.0,2019
1012,2019-10-10,64.0,75.0,55.0,51.0,42.0,61.0,71.0,29.0,51.0,49.0,2019
1013,2019-10-11,56.0,76.0,63.0,86.0,78.0,47.0,27.0,36.0,64.0,71.0,2019
1014,2019-10-12,64.0,70.0,52.0,65.0,35.0,73.0,60.0,39.0,55.0,54.0,2019
1015,2019-10-13,62.0,65.0,45.0,56.0,37.0,65.0,62.0,28.0,52.0,46.0,2019
1016,2019-10-14,63.0,94.0,51.0,59.0,45.0,71.0,60.0,33.0,52.0,44.0,2019
1017,2019-10-15,70.0,75.0,49.0,61.0,53.0,78.0,54.0,20.0,37.0,41.0,2019
1018,2019-10-16,58.0,89.0,49.0,43.0,36.0,75.0,64.0,18.0,43.0,47.0,2019
1019,2019-10-17,53.0,76.0,39.0,57.0,43.0,75.0,68.0,27.0,41.0,59.0,2019
1020,2019-10-18,66.0,85.0,51.0,41.0,60.0,77.0,60.0,45.0,43.0,48.0,2019
1021,2019-10-19,63.0,85.0,52.0,57.0,49.0,68.0,65.0,29.0,42.0,36.0,2019
1022,2019-10-20,63.0,80.0,39.0,57.0,39.0,71.0,73.0,27.0,38.0,51.0,2019
1023,2019-10-21,64.0,78.0,39.0,54.0,52.0,80.0,63.0,26.0,44.0,44.0,2019
1024,2019-10-22,62.0,66.0,49.0,53.0,50.0,78.0,63.0,33.0,25.0,38.0,2019
1025,2019-10-23,65.0,86.0,53.0,49.0,31.0,81.0,67.0,30.0,40.0,40.0,2019
1026,2019-10-24,74.0,66.0,56.0,59.0,44.0,85.0,78.0,30.0,38.0,44.0,2019
1027,2019-10-25,65.0,79.0,50.0,64.0,34.0,77.0,70.0,38.0,54.0,46.0,2019
1028,2019-10-26,68.0,72.0,47.0,45.0,53.0,75.0,57.0,34.0,41.0,38.0,2019
1029,2019-10-27,66.0,89.0,51.0,42.0,57.0,79.0,62.0,33.0,44.0,41.0,2019
1030,2019-10-28,67.0,67.0,39.0,62.0,40.0,82.0,67.0,23.0,26.0,40.0,2019
1031,2019-10-29,72.0,72.0,53.0,57.0,46.0,74.0,62.0,38.0,33.0,40.0,2019
1032,2019-10-30,65.0,75.0,42.0,55.0,49.0,78.0,64.0,39.0,51.0,53.0,2019
1033,2019-10-31,60.0,70.0,53.0,53.0,29.0,80.0,59.0,27.0,39.0,34.0,2019
1034,2019-11-01,60.0,70.0,44.0,46.0,41.0,76.0,68.0,30.0,47.0,45.0,2019
1035,2019-11-02,75.0,76.0,60.0,78.0,70.0,44.0,50.0,38.0,77.0,70.0,2019
1036,2019-11-03,66.0,71.0,50.0,50.0,44.0,69.0,60.0,46.0,35.0,37.0,2019
1037,2019-11-04,65.0,86.0,50.0,61.0,48.0,76.0,63.0,36.0,44.0,51.0,2019
1038,2019-11-05,65.0,78.0,38.0,48.0,34.0,73.0,58.0,22.0,38.0,41.0,2019
1039,2019-11-06,67.0,68.0,63.0,54.0,44.0,70.0,62.0,39.0,30.0,38.0,2019
1040,2019-11-07,64.0,79.0,49.0,44.0,43.0,73.0,53.0,30.0,45.0,27.0,2019
1041,2019-11-08,56.0,84.0,42.0,46.0,38.0,70.0,47.0,35.0,32.0,38.0,2019
1042,2019-11-09,56.0,85.0,57.0,80.0,74.0,40.0,49.0,54.0,66.0,69.0,2019
1043,2019-11-10,56.0,75.0,55.0,58.0,40.0,83.0,65.0,30.0,35.0,41.0,2019
1044,2019-11-11,65.0,80.0,48.0,40.0,46.0,69.0,62.0,36.0,43.0,34.0,2019
1045,2019-11-12,51.0,79.0,62.0,48.0,47.0,76.0,45.0,14.0,57.0,47.0,2019
1046,2019-11-13,54.0,75.0,46.0,48.0,47.0,87.0,58.0,28.0,42.0,46.0,2019
1047,2019-11-14,68.0,75.0,44.0,54.0,50.0,73.0,58.0,35.0,41.0,50.0,2019
1048,2019-11-15,63.0,73.0,53.0,43.0,44.0,66.0,56.0,30.0,45.0,43.0,2019
1049,2019-11-16,51.0,72.0,55.0,40.0,33.0,64.0,52.0,41.0,51.0,47.0,2019
1050,2019-11-17,68.0,79.0,47.0,45.0,48.0,73.0,51.0,24.0,45.0,45.0,2019
1051,2019-11-18,63.0,80.0,71.0,61.0,39.0,81.0,60.0,21.0,51.0,55.0,2019
1052,2019-11-19,48.0,64.0,53.0,46.0,44.0,79.0,53.0,36.0,41.0,46.0,2019
1053,2019-11-20,56.0,68.0,48.0,49.0,32.0,88.0,66.0,32.0,45.0,43.0,2019
1054,2019-11-21,56.0,71.0,45.0,55.0,49.0,68.0,63.0,30.0,57.0,47.0,2019
1055,2019-11-22,65.0,75.0,51.0,44.0,46.0,73.0,63.0,37.0,57.0,51.0,2019
1056,2019-11-23,66.0,76.0,49.0,49.0,46.0,67.0,63.0,33.0,52.0,46.0,2019
1057,2019-11-24,70.0,73.0,56.0,42.0,38.0,67.0,53.0,32.0,44.0,48.0,2019
1058,2019-11-25,66.0,82.0,63.0,43.0,41.0,85.0,59.0,34.0,45.0,43.0,2019
1059,2019-11-26,61.0,81.0,55.0,45.0,46.0,76.0,61.0,20.0,37.0,34.0,2019
1060,2019-11-27,62.0,68.0,46.0,58.0,32.0,81.0,62.0,20.0,43.0,53.0,2019
1061,2019-11-28,52.0,77.0,48.0,49.0,45.0,77.0,59.0,32.0,39.0,53.0,2019
1062,2019-11-29,54.0,83.0,50.0,53.0,44.0,55.0,68.0,33.0,28.0,61.0,2019
1063,2019-11-30,55.0,73.0,38.0,56.0,57.0,83.0,61.0,35.0,48.0,55.0,2019
1064,2019-12-01,51.0,85.0,50.0,56.0,49.0,72.0,62.0,24.0,36.0,32.0,2019
1065,2019-12-02,51.0,76.0,42.0,53.0,47.0,75.0,64.0,16.0,44.0,44.0,2019
1066,2019-12-03,73.0,79.0,51.0,51.0,43.0,60.0,62.0,51.0,40.0,54.0,2019
1067,2019-12-04,61.0,65.0,77.0,75.0,73.0,28.0,42.0,42.0,56.0,63.0,2019
1068,2019-12-05,71.0,81.0,56.0,50.0,52.0,80.0,52.0,30.0,49.0,45.0,2019
1069,2019-12-06,68.0,65.0,55.0,64.0,48.0,74.0,60.0,22.0,47.0,36.0,2019
1070,2019-12-07,69.0,81.0,43.0,49.0,44.0,75.0,47.0,28.0,41.0,42.0,2019
1071,2019-12-08,56.0,66.0,71.0,80.0,74.0,49.0,40.0,30.0,64.0,62.0,2019
1072,2019-12-09,60.0,75.0,50.0,43.0,54.0,65.0,57.0,27.0,54.0,34.0,2019
1073,2019-12-10,67.0,79.0,62.0,63.0,38.0,73.0,57.0,18.0,45.0,41.0,2019
1074,2019-12-11,72.0,81.0,43.0,50.0,32.0,81.0,49.0,38.0,40.0,44.0,2019
1075,2019-12-12,60.0,61.0,69.0,78.0,79.0,58.0,28.0,48.0,50.0,70.0,2019
1076,2019-12-13,46.0,73.0,62.0,66.0,80.0,58.0,37.0,37.0,62.0,74.0,2019
1077,2019-12-14,75.0,77.0,43.0,53.0,43.0,69.0,67.0,34.0,40.0,43.0,2019
1078,2019-12-15,64.0,75.0,51.0,44.0,53.0,71.0,61.0,20.0,49.0,50.0,2019
1079,2019-12-16,53.0,90.0,57.0,54.0,44.0,69.0,63.0,40.0,44.0,42.0,2019
1080,2019-12-17,56.0,74.0,69.0,87.0,75.0,52.0,46.0,38.0,60.0,78.0,2019
1081,2019-12-18,71.0,78.0,62.0,57.0,40.0,79.0,63.0,25.0,43.0,41.0,2019
1082,2019-12-19,56.0,71.0,65.0,76.0,46.0,46.0,45.0,37.0,77.0,77.0,2019
1083,2019-12-20,67.0,83.0,54.0,53.0,37.0,88.0,68.0,35.0,41.0,43.0,2019
1084,2019-12-21,62.0,76.0,47.0,60.0,39.0,64.0,61.0,22.0,45.0,41.0,2019
1085,2019-12-22,57.0,62.0,73.0,70.0,87.0,52.0,37.0,49.0,61.0,69.0,2019
1086,2019-12-23,59.0,77.0,52.0,41.0,43.0,62.0,70.0,36.0,45.0,43.0,2019
1087,2019-12-24,64.0,65.0,42.0,52.0,43.0,67.0,56.0,36.0,48.0,50.0,2019
1088,2019-12-25,62.0,80.0,46.0,60.0,41.0,78.0,61.0,31.0,41.0,41.0,2019
1089,2019-12-26,69.0,69.0,67.0,81.0,69.0,47.0,48.0,32.0,58.0,57.0,2019
1090,2019-12-27,51.0,73.0,63.0,69.0,67.0,59.0,35.0,31.0,45.0,62.0,2019
1091,2019-12-28,72.0,79.0,50.0,58.0,51.0,83.0,59.0,25.0,52.0,52.0,2019
1092,2019-12-29,62.0,73.0,44.0,57.0,52.0,83.0,63.0,53.0,40.0,35.0,2019
1093,2019-12-30,59.0,85.0,48.0,61.0,52.0,76.0,58.0,53.0,49.0,36.0,2019
1094,2019-12-31,69.0,88.0,51.0,50.0,46.0,84.0,53.0,28.0,39.0,50.0,2019
